PLAYER,TEAM,MARKET,PROP_NAME,LINE,SEASON_VAL,RECENT_OVER_PROB,RECENT_N,BASE_PROB,ADJ_PROB_BEFORE_INJ,FINAL_OVER_PROB,INJ_Status,IS_OUT,IS_LIMITED,ODDS,IMPLIED_PROB,EDGE_MODEL,FINAL_OVER_PROB_PCT
Sion James,CHA,3PM,3-Pointers Made,0.5,1.5,0.875,8,0.99,0.99,0.99,Active,0,0,-200,0.6666666666666666,0.32333333333333336,99.0%
Tari Eason,HOU,3PM,3-Pointers Made,1.5,2.6,0.8571428571428571,7,0.99,0.99,0.99,Active,0,0,134,0.4273504273504273,0.5626495726495727,99.0%
Harrison Barnes,SAS,3PM,3-Pointers Made,1.5,2.5,0.8571428571428571,7,0.99,0.99,0.99,Active,0,0,-166,0.6240601503759399,0.3659398496240601,99.0%
Simone Fontecchio,MIA,3PM,3-Pointers Made,1.5,2.5,0.75,8,0.9425000000000001,0.9425000000000001,0.9425000000000001,Active,0,0,-142,0.5867768595041323,0.35572314049586784,94.3%
Reed Sheppard,HOU,3PM,3-Pointers Made,1.5,2.8,0.7142857142857143,7,0.922857142857143,0.922857142857143,0.922857142857143,Active,0,0,-181,0.6441281138790036,0.27872902897813945,92.3%
Andrew Wiggins,MIA,3PM,3-Pointers Made,1.5,2.0,0.875,8,0.8987500000000002,0.8987500000000002,0.8987500000000002,Active,0,0,-185,0.6491228070175439,0.24962719298245628,89.9%
Duncan Robinson,DET,3PM,3-Pointers Made,2.5,3.0,0.875,8,0.8987500000000002,0.8987500000000002,0.8987500000000002,Active,0,0,-112,0.5283018867924528,0.37044811320754734,89.9%
Rui Hachimura,LAL,3PM,3-Pointers Made,1.5,2.0,0.875,8,0.8987500000000002,0.8987500000000002,0.8987500000000002,Active,0,0,-109,0.5215311004784688,0.3772188995215313,89.9%
Ryan Rollins,MIL,3PM,3-Pointers Made,1.5,2.3,0.75,8,0.8975,0.8975,0.8975,Active,0,0,-161,0.6168582375478927,0.28064176245210726,89.8%
Jaden McDaniels,MIN,3PM,3-Pointers Made,1.5,1.9,0.8571428571428571,7,0.8664285714285715,0.8664285714285715,0.8664285714285715,Active,0,0,102,0.495049504950495,0.37137906647807656,86.6%
Alperen Sengun,HOU,3PM,3-Pointers Made,0.5,1.3,0.7142857142857143,7,0.8657142857142858,0.8657142857142858,0.8657142857142858,Active,0,0,-151,0.601593625498008,0.2641206602162778,86.6%
Myles Turner,MIL,3PM,3-Pointers Made,1.5,2.1,0.75,8,0.8525,0.8525,0.8525,Active,0,0,-149,0.5983935742971888,0.2541064257028113,85.2%
Anthony Edwards,MIN,3PM,3-Pointers Made,3.5,4.1,0.75,4,0.8525,0.8525,0.8525,Active,0,0,-138,0.5798319327731093,0.27266806722689074,85.2%
Saddiq Bey,NOP,3PM,3-Pointers Made,1.5,2.1,0.75,8,0.8475000000000001,0.8475000000000001,0.8475000000000001,Active,0,0,-192,0.6575342465753424,0.1899657534246577,84.8%
Tre Mann,CHA,3PM,3-Pointers Made,1.5,1.7,0.875,8,0.83125,0.83125,0.83125,Active,0,0,-112,0.5283018867924528,0.3029481132075472,83.1%
James Harden,LAC,3PM,3-Pointers Made,2.5,3.4,0.5714285714285714,7,0.8217857142857143,0.8217857142857143,0.8217857142857143,Active,0,0,-172,0.6323529411764706,0.18943277310924378,82.2%
Kon Knueppel,CHA,3PM,3-Pointers Made,2.5,3.2,0.625,8,0.80125,0.80125,0.80125,Active,0,0,-125,0.5555555555555556,0.24569444444444444,80.1%
Shaedon Sharpe,POR,3PM,3-Pointers Made,1.5,1.9,0.7142857142857143,7,0.787857142857143,0.787857142857143,0.787857142857143,Active,0,0,-185,0.6491228070175439,0.13873433583959915,78.8%
Miles Bridges,CHA,3PM,3-Pointers Made,2.5,3.1,0.625,8,0.7837500000000002,0.7837500000000002,0.7837500000000002,Active,0,0,108,0.4807692307692308,0.3029807692307694,78.4%
Kel'el Ware,MIA,3PM,3-Pointers Made,0.5,1.0,0.625,8,0.75,0.75,0.75,Active,0,0,-156,0.609375,0.140625,75.0%
Kevin Durant,HOU,3PM,3-Pointers Made,1.5,1.7,0.7142857142857143,7,0.737857142857143,0.737857142857143,0.737857142857143,Active,0,0,-138,0.5798319327731093,0.1580252100840337,73.8%
Zach LaVine,SAC,3PM,3-Pointers Made,2.5,3.3,0.42857142857142855,7,0.7207142857142856,0.7207142857142856,0.7207142857142856,Active,0,0,-147,0.5951417004048583,0.1255725853094274,72.1%
Trey Murphy III,NOP,3PM,3-Pointers Made,2.5,2.8,0.625,8,0.71625,0.71625,0.71625,Active,0,0,-166,0.6240601503759399,0.09218984962406018,71.6%
Tristan da Silva,ORL,3PM,3-Pointers Made,1.5,1.8,0.625,8,0.7112499999999999,0.7112499999999999,0.7112499999999999,Active,0,0,-142,0.5867768595041323,0.12447314049586766,71.1%
Russell Westbrook,SAC,3PM,3-Pointers Made,1.5,2.1,0.5,8,0.71,0.71,0.71,Active,0,0,-158,0.6124031007751938,0.09759689922480619,71.0%
Donte DiVincenzo,MIN,3PM,3-Pointers Made,2.5,2.9,0.5714285714285714,7,0.7092857142857143,0.7092857142857143,0.7092857142857143,Active,0,0,-158,0.6124031007751938,0.09688261351052052,70.9%
Amen Thompson,HOU,3PM,3-Pointers Made,0.5,0.6,0.7142857142857143,7,0.7082142857142858,0.7082142857142858,0.7082142857142858,Active,0,0,102,0.495049504950495,0.2131647807637908,70.8%
Jerami Grant,POR,3PM,3-Pointers Made,1.5,2.0,0.5714285714285714,7,0.7053571428571429,0.7053571428571429,0.7053571428571429,Active,0,0,-169,0.6282527881040892,0.07710435475305366,70.5%
Landry Shamet,NYK,3PM,3-Pointers Made,1.5,1.7,0.625,8,0.68875,0.68875,0.68875,Active,0,0,-178,0.6402877697841727,0.048462230215827296,68.9%
Norman Powell,MIA,3PM,3-Pointers Made,2.5,3.0,0.5,6,0.6875,0.6875,0.6875,Active,0,0,-158,0.6124031007751938,0.07509689922480622,68.8%
Tyrese Maxey,PHI,3PM,3-Pointers Made,3.5,4.0,0.5,8,0.6687500000000001,0.6687500000000001,0.6687500000000001,Active,0,0,-104,0.5098039215686274,0.15894607843137265,66.9%
Cade Cunningham,DET,3PM,3-Pointers Made,1.5,1.9,0.7142857142857143,7,0.7828571428571429,0.7828571428571429,0.6654285714285715,Questionable,0,1,-181,0.6441281138790036,0.021300457549567886,66.5%
Devin Vassell,SAS,3PM,3-Pointers Made,2.5,2.8,0.5714285714285714,7,0.6603571428571429,0.6603571428571429,0.6603571428571429,Active,0,0,102,0.495049504950495,0.16530763790664788,66.0%
Cole Anthony,MIL,3PM,3-Pointers Made,0.5,0.9,0.5,8,0.6587500000000001,0.6587500000000001,0.6587500000000001,Active,0,0,-200,0.6666666666666666,-0.007916666666666572,65.9%
Mike Conley,MIN,3PM,3-Pointers Made,1.5,1.4,0.7142857142857143,7,0.6560714285714286,0.6560714285714286,0.6560714285714286,Active,0,0,179,0.3584229390681003,0.29764848950332834,65.6%
Franz Wagner,ORL,3PM,3-Pointers Made,1.5,1.6,0.625,8,0.65375,0.65375,0.65375,Active,0,0,-128,0.5614035087719298,0.09234649122807026,65.4%
Julius Randle,MIN,3PM,3-Pointers Made,1.5,2.0,0.42857142857142855,7,0.6410714285714285,0.6410714285714285,0.6410714285714285,Active,0,0,-153,0.6047430830039525,0.036328345567475995,64.1%
Moses Moody,GSW,3PM,3-Pointers Made,2.5,2.8,0.5,8,0.63,0.63,0.63,Active,0,0,125,0.4444444444444444,0.18555555555555558,63.0%
Mikal Bridges,NYK,3PM,3-Pointers Made,2.5,2.5,0.625,8,0.625,0.625,0.625,Active,0,0,-104,0.5098039215686274,0.11519607843137258,62.5%
OG Anunoby,NYK,3PM,3-Pointers Made,2.5,2.8,0.5,8,0.62375,0.62375,0.62375,Active,0,0,-138,0.5798319327731093,0.043918067226890734,62.4%
Deni Avdija,POR,3PM,3-Pointers Made,2.5,2.6,0.5714285714285714,7,0.6082142857142857,0.6082142857142857,0.6082142857142857,Active,0,0,124,0.4464285714285714,0.1617857142857143,60.8%
Noah Clowney,BKN,3PM,3-Pointers Made,1.5,1.5,0.5714285714285714,7,0.6,0.6,0.6,Active,0,0,-172,0.6323529411764706,-0.032352941176470584,60.0%
Malik Monk,SAC,3PM,3-Pointers Made,1.5,2.2,0.5,6,0.6991666666666667,0.6991666666666667,0.5942916666666667,Questionable,0,1,-120,0.5454545454545454,0.04883712121212125,59.4%
Jrue Holiday,POR,3PM,3-Pointers Made,2.5,2.5,0.5714285714285714,7,0.5928571428571429,0.5928571428571429,0.5928571428571429,Active,0,0,106,0.4854368932038835,0.10742024965325936,59.3%
Max Christie,DAL,3PM,3-Pointers Made,2.5,2.7,0.5,8,0.5887500000000001,0.5887500000000001,0.5887500000000001,Active,0,0,137,0.4219409282700422,0.1668090717299579,58.9%
Toumani Camara,POR,3PM,3-Pointers Made,2.5,2.1,0.7142857142857143,7,0.5814285714285715,0.5814285714285715,0.5814285714285715,Active,0,0,137,0.4219409282700422,0.1594876431585293,58.1%
Trendon Watford,PHI,3PM,3-Pointers Made,0.5,0.6,0.5,8,0.5787500000000001,0.5787500000000001,0.5787500000000001,Active,0,0,100,0.5,0.0787500000000001,57.9%
Jordan Clarkson,NYK,3PM,3-Pointers Made,1.5,1.5,0.5,8,0.5625,0.5625,0.5625,Active,0,0,-123,0.5515695067264574,0.010930493273542563,56.2%
Giannis Antetokounmpo,MIL,3PM,3-Pointers Made,0.5,0.8,0.5714285714285714,7,0.6603571428571429,0.6603571428571429,0.5613035714285715,Probable,0,1,125,0.4444444444444444,0.11685912698412704,56.1%
Naz Reid,MIN,3PM,3-Pointers Made,1.5,1.6,0.42857142857142855,7,0.5582142857142858,0.5582142857142858,0.5582142857142858,Active,0,0,-153,0.6047430830039525,-0.046528797289666746,55.8%
Quentin Grimes,PHI,3PM,3-Pointers Made,2.5,2.5,0.5,8,0.5375,0.5375,0.5375,Active,0,0,-101,0.5024875621890548,0.03501243781094521,53.8%
LaMelo Ball,CHA,3PM,3-Pointers Made,2.5,3.3,0.3333333333333333,3,0.63,0.63,0.5355,Probable,0,1,-161,0.6168582375478927,-0.08135823754789273,53.5%
Ziaire Williams,BKN,3PM,3-Pointers Made,1.5,1.8,0.3333333333333333,6,0.5258333333333334,0.5258333333333334,0.5258333333333334,Active,0,0,-107,0.5169082125603864,0.008925120772946937,52.6%
Brandin Podziemski,GSW,3PM,3-Pointers Made,1.5,1.7,0.375,8,0.52,0.52,0.52,Active,0,0,-106,0.5145631067961165,0.005436893203883519,52.0%
Bobby Portis,MIL,3PM,3-Pointers Made,1.5,1.3,0.5,8,0.4987500000000001,0.4987500000000001,0.4987500000000001,Active,0,0,168,0.373134328358209,0.1256156716417911,49.9%
Jose Alvarado,NOP,3PM,3-Pointers Made,1.5,1.5,0.375,8,0.49375,0.49375,0.49375,Active,0,0,-108,0.5192307692307693,-0.02548076923076925,49.4%
Collin Sexton,CHA,3PM,3-Pointers Made,1.5,1.4,0.42857142857142855,7,0.4846428571428571,0.4846428571428571,0.4846428571428571,Active,0,0,133,0.4291845493562232,0.05545830778663391,48.5%
Brook Lopez,LAC,3PM,3-Pointers Made,1.5,1.5,0.375,8,0.4625,0.4625,0.4625,Active,0,0,131,0.4329004329004329,0.029599567099567126,46.2%
Tyrese Martin,BKN,3PM,3-Pointers Made,1.5,1.3,0.42857142857142855,7,0.455,0.455,0.455,Active,0,0,129,0.4366812227074236,0.018318777292576416,45.5%
Al Horford,GSW,3PM,3-Pointers Made,1.5,1.5,0.3333333333333333,6,0.45,0.45,0.45,Active,0,0,106,0.4854368932038835,-0.03543689320388349,45.0%
Keldon Johnson,SAS,3PM,3-Pointers Made,0.5,0.6,0.2857142857142857,7,0.44392857142857145,0.44392857142857145,0.44392857142857145,Active,0,0,-163,0.6197718631178707,-0.17584329168929924,44.4%
Jonathan Isaac,ORL,3PM,3-Pointers Made,0.5,0.3,0.375,8,0.43000000000000005,0.43000000000000005,0.43000000000000005,Active,0,0,-123,0.5515695067264574,-0.12156950672645739,43.0%
Draymond Green,GSW,3PM,3-Pointers Made,1.5,1.6,0.25,8,0.42875,0.42875,0.42875,Active,0,0,116,0.4629629629629629,-0.03421296296296289,42.9%
Will Richard,GSW,3PM,3-Pointers Made,1.5,1.4,0.2857142857142857,7,0.4203571428571429,0.4203571428571429,0.4203571428571429,Active,0,0,142,0.4132231404958678,0.007134002361275094,42.0%
Jeremiah Fears,NOP,3PM,3-Pointers Made,1.5,1.2,0.375,8,0.42000000000000004,0.42000000000000004,0.42000000000000004,Active,0,0,139,0.4184100418410041,0.00158995815899593,42.0%
Luka Doncic,,3PM,3-Pointers Made,3.5,0.0,0.6666666666666666,6,0.4166666666666667,0.4166666666666667,0.4166666666666667,,0,0,-147,0.5951417004048583,-0.17847503373819157,41.7%
Anthony Black,ORL,3PM,3-Pointers Made,1.5,1.2,0.375,8,0.40750000000000003,0.40750000000000003,0.40750000000000003,Active,0,0,167,0.3745318352059925,0.03296816479400755,40.8%
De'Aaron Fox,SAS,3PM,3-Pointers Made,1.5,1.3,0.3333333333333333,3,0.4050000000000001,0.4050000000000001,0.4050000000000001,Active,0,0,-147,0.5951417004048583,-0.19014170040485817,40.5%
Cooper Flagg,DAL,3PM,3-Pointers Made,1.5,1.2,0.375,8,0.40125,0.40125,0.40125,Active,0,0,112,0.4716981132075472,-0.07044811320754718,40.1%
Buddy Hield,GSW,3PM,3-Pointers Made,1.5,1.2,0.375,8,0.395,0.395,0.395,Active,0,0,106,0.4854368932038835,-0.09043689320388348,39.5%
Jake LaRavia,LAL,3PM,3-Pointers Made,1.5,1.3,0.25,8,0.36125,0.36125,0.36125,Active,0,0,159,0.3861003861003861,-0.02485038610038609,36.1%
DeMar DeRozan,SAC,3PM,3-Pointers Made,1.5,1.0,0.375,8,0.35000000000000003,0.35000000000000003,0.35000000000000003,Active,0,0,156,0.390625,-0.04062499999999997,35.0%
John Collins,LAC,3PM,3-Pointers Made,1.5,1.0,0.375,8,0.35000000000000003,0.35000000000000003,0.35000000000000003,Active,0,0,150,0.4,-0.04999999999999999,35.0%
Marcus Smart,LAL,3PM,3-Pointers Made,1.5,1.1,0.2857142857142857,7,0.3385714285714286,0.3385714285714286,0.3385714285714286,Active,0,0,-103,0.5073891625615764,-0.16881773399014782,33.9%
Stephen Curry,GSW,3PM,3-Pointers Made,4.5,4.1,0.3333333333333333,6,0.33833333333333326,0.33833333333333326,0.33833333333333326,Active,0,0,-123,0.5515695067264574,-0.21323617339312417,33.8%
Kyle Kuzma,MIL,3PM,3-Pointers Made,1.5,0.9,0.375,8,0.33375,0.33375,0.33375,Active,0,0,137,0.4219409282700422,-0.08819092827004221,33.4%
Caris LeVert,DET,3PM,3-Pointers Made,1.5,1.1,0.2857142857142857,7,0.3242857142857143,0.3242857142857143,0.3242857142857143,Active,0,0,-136,0.576271186440678,-0.2519854721549637,32.4%
Josh Hart,NYK,3PM,3-Pointers Made,1.5,1.1,0.25,8,0.3162500000000001,0.3162500000000001,0.3162500000000001,Active,0,0,154,0.3937007874015748,-0.07745078740157474,31.6%
Davion Mitchell,MIA,3PM,3-Pointers Made,1.5,1.1,0.25,8,0.31000000000000005,0.31000000000000005,0.31000000000000005,Active,0,0,150,0.4,-0.08999999999999997,31.0%
Stephon Castle,SAS,3PM,3-Pointers Made,1.5,1.0,0.2857142857142857,7,0.28964285714285715,0.28964285714285715,0.28964285714285715,Active,0,0,159,0.3861003861003861,-0.09645752895752896,29.0%
Egor Demin,,3PM,3-Pointers Made,1.5,0.0,0.42857142857142855,7,0.28214285714285714,0.28214285714285714,0.28214285714285714,,0,0,-135,0.574468085106383,-0.2923252279635259,28.2%
Dennis Schroder,,3PM,3-Pointers Made,1.5,0.0,0.375,8,0.23750000000000002,0.23750000000000002,0.23750000000000002,,0,0,154,0.3937007874015748,-0.1562007874015748,23.8%
Pelle Larsson,MIA,3PM,3-Pointers Made,1.5,1.0,0.125,8,0.20125000000000004,0.20125000000000004,0.20125000000000004,Active,0,0,169,0.3717472118959107,-0.17049721189591066,20.1%
Karl-Anthony Towns,NYK,3PM,3-Pointers Made,2.5,1.6,0.25,8,0.18000000000000005,0.18000000000000005,0.18000000000000005,Active,0,0,136,0.423728813559322,-0.24372881355932197,18.0%
Jalen Suggs,ORL,3PM,3-Pointers Made,2.5,1.8,0.16666666666666666,6,0.1791666666666667,0.1791666666666667,0.1791666666666667,Active,0,0,138,0.4201680672268907,-0.241001400560224,17.9%
Victor Wembanyama,SAS,3PM,3-Pointers Made,2.5,1.5,0.2857142857142857,7,0.17714285714285716,0.17714285714285716,0.17714285714285716,Active,0,0,141,0.4149377593360996,-0.23779490219324245,17.7%
P.J. Washington,DAL,3PM,3-Pointers Made,1.5,1.0,0.125,8,0.20125000000000004,0.20125000000000004,0.17106250000000003,Questionable,0,1,-105,0.5121951219512195,-0.3411326219512195,17.1%
Austin Reaves,LAL,3PM,3-Pointers Made,3.5,2.6,0.2,5,0.15250000000000002,0.15250000000000002,0.15250000000000002,Active,0,0,117,0.4608294930875576,-0.3083294930875576,15.3%
Terance Mann,BKN,3PM,3-Pointers Made,1.5,1.0,0.0,7,0.1325,0.1325,0.1325,Active,0,0,170,0.3703703703703703,-0.2378703703703703,13.2%
Desmond Bane,ORL,3PM,3-Pointers Made,2.5,1.3,0.125,8,0.08875000000000001,0.08875000000000001,0.08875000000000001,Active,0,0,122,0.4504504504504504,-0.3617004504504504,8.9%
Nikola Jovic,,3PM,3-Pointers Made,1.5,0.0,0.125,8,0.08875000000000001,0.08875000000000001,0.08875000000000001,,0,0,-117,0.5391705069124424,-0.4504205069124424,8.9%
Michael Porter Jr,,3PM,3-Pointers Made,3.5,0.0,,0,,,,,0,0,133,0.4291845493562232,,~0%
Wendell Carter Jr,,3PM,3-Pointers Made,0.5,0.0,,0,,,,,0,0,-222,0.6894409937888198,,~0%
Kelly Oubre Jr,,3PM,3-Pointers Made,1.5,0.0,,0,,,,,0,0,-129,0.5633187772925764,,~0%
Isaiah Stewart II,,3PM,3-Pointers Made,1.5,0.0,,0,,,,,0,0,119,0.45662100456621,,~0%
A.J. Green,,3PM,3-Pointers Made,2.5,0.0,,0,,,,,0,0,-107,0.5169082125603864,,~0%
Gary Trent Jr,,3PM,3-Pointers Made,2.5,0.0,,0,,,,,0,0,125,0.4444444444444444,,~0%
Jabari Smith Jr,,3PM,3-Pointers Made,1.5,0.0,,0,,,,,0,0,-149,0.5983935742971888,,~0%
Herb Jones,,3PM,3-Pointers Made,1.5,0.0,,0,,,,,0,0,-131,0.5670995670995671,,~0%
Derrick Jones,,3PM,3-Pointers Made,1.5,0.0,,0,,,,,0,0,140,0.4166666666666667,,~0%
Jimmy Butler,,3PM,3-Pointers Made,0.5,0.0,,0,,,,,0,0,-212,0.6794871794871795,,~0%
Collin Sexton,CHA,AST,Assists,3.5,5.3,0.7142857142857143,7,0.9003571428571429,0.9003571428571429,0.9003571428571429,Active,0,0,-147,0.5951417004048583,0.3052154424522846,90.0%
LaMelo Ball,CHA,AST,Assists,6.5,9.8,1.0,3,0.99,0.99,0.8415,Probable,0,1,-140,0.5833333333333334,0.25816666666666666,84.2%
Austin Reaves,LAL,AST,Assists,6.5,8.3,0.6,5,0.8375000000000001,0.8375000000000001,0.8375000000000001,Active,0,0,102,0.495049504950495,0.34245049504950514,83.8%
Stephon Castle,SAS,AST,Assists,7.5,7.9,0.8571428571428571,7,0.8214285714285716,0.8214285714285716,0.8214285714285716,Active,0,0,110,0.4761904761904761,0.3452380952380955,82.1%
Pelle Larsson,MIA,AST,Assists,2.5,2.8,0.875,8,0.8200000000000001,0.8200000000000001,0.8200000000000001,Active,0,0,-158,0.6124031007751938,0.20759689922480629,82.0%
Sion James,CHA,AST,Assists,0.5,1.4,0.75,8,0.8043750000000001,0.8043750000000001,0.8043750000000001,Active,0,0,-217,0.6845425867507886,0.11983241324921146,80.4%
Cole Anthony,MIL,AST,Assists,3.5,4.8,0.625,8,0.7775,0.7775,0.7775,Active,0,0,-117,0.5391705069124424,0.23832949308755758,77.8%
Terance Mann,BKN,AST,Assists,3.5,3.5,0.8571428571428571,7,0.7732142857142856,0.7732142857142856,0.7732142857142856,Active,0,0,114,0.4672897196261682,0.3059245660881174,77.3%
Alperen Sengun,HOU,AST,Assists,6.5,7.2,0.7142857142857143,7,0.7698214285714287,0.7698214285714287,0.7698214285714287,Active,0,0,-114,0.5327102803738317,0.23711114819759693,77.0%
Mikal Bridges,NYK,AST,Assists,4.5,4.9,0.75,8,0.7512500000000001,0.7512500000000001,0.7512500000000001,Active,0,0,-144,0.5901639344262295,0.1610860655737706,75.1%
Jrue Holiday,POR,AST,Assists,7.5,8.5,0.5714285714285714,7,0.7317857142857143,0.7317857142857143,0.7317857142857143,Active,0,0,110,0.4761904761904761,0.25559523809523815,73.2%
Tre Mann,CHA,AST,Assists,2.5,3.2,0.625,8,0.719375,0.719375,0.719375,Active,0,0,-147,0.5951417004048583,0.12423329959514173,71.9%
Miles Bridges,CHA,AST,Assists,3.5,4.2,0.625,8,0.71,0.71,0.71,Active,0,0,-117,0.5391705069124424,0.17082949308755757,71.0%
Jerami Grant,POR,AST,Assists,1.5,2.3,0.5714285714285714,7,0.7092857142857143,0.7092857142857143,0.7092857142857143,Active,0,0,-192,0.6575342465753424,0.05175146771037187,70.9%
Cade Cunningham,DET,AST,Assists,9.5,9.9,0.8571428571428571,7,0.8214285714285716,0.8214285714285716,0.6982142857142859,Questionable,0,1,-113,0.5305164319248826,0.16769785378940327,69.8%
Julius Randle,MIN,AST,Assists,5.5,6.2,0.5714285714285714,7,0.6980357142857143,0.6980357142857143,0.6980357142857143,Active,0,0,-138,0.5798319327731093,0.11820378151260502,69.8%
Max Christie,DAL,AST,Assists,2.5,2.8,0.625,8,0.680625,0.680625,0.680625,Active,0,0,131,0.4329004329004329,0.24772456709956714,68.1%
Toumani Camara,POR,AST,Assists,2.5,3.2,0.5714285714285714,7,0.6805357142857142,0.6805357142857142,0.6805357142857142,Active,0,0,-120,0.5454545454545454,0.13508116883116883,68.1%
Quentin Grimes,PHI,AST,Assists,3.5,4.4,0.5,8,0.67625,0.67625,0.67625,Active,0,0,-147,0.5951417004048583,0.08110829959514176,67.6%
Reed Sheppard,HOU,AST,Assists,2.5,3.2,0.5714285714285714,7,0.6733928571428571,0.6733928571428571,0.6733928571428571,Active,0,0,-163,0.6197718631178707,0.053620994024986435,67.3%
Karl-Anthony Towns,NYK,AST,Assists,3.5,3.3,0.75,8,0.668125,0.668125,0.668125,Active,0,0,108,0.4807692307692308,0.1873557692307692,66.8%
Tyrese Maxey,PHI,AST,Assists,7.5,8.3,0.5,8,0.665,0.665,0.665,Active,0,0,108,0.4807692307692308,0.18423076923076925,66.5%
Ryan Rollins,MIL,AST,Assists,5.5,5.7,0.625,8,0.6631250000000001,0.6631250000000001,0.6631250000000001,Active,0,0,100,0.5,0.16312500000000008,66.3%
Jaden McDaniels,MIN,AST,Assists,2.5,2.2,0.7142857142857143,7,0.6430357142857144,0.6430357142857144,0.6430357142857144,Active,0,0,125,0.4444444444444444,0.19859126984126996,64.3%
Marcus Smart,LAL,AST,Assists,3.5,3.2,0.7142857142857143,7,0.6394642857142858,0.6394642857142858,0.6394642857142858,Active,0,0,112,0.4716981132075472,0.16776617250673864,63.9%
Mike Conley,MIN,AST,Assists,3.5,3.7,0.5714285714285714,7,0.6385714285714286,0.6385714285714286,0.6385714285714286,Active,0,0,-102,0.504950495049505,0.1336209335219236,63.9%
OG Anunoby,NYK,AST,Assists,2.5,2.4,0.625,8,0.61375,0.61375,0.61375,Active,0,0,-107,0.5169082125603864,0.09684178743961358,61.4%
Amen Thompson,HOU,AST,Assists,5.5,5.6,0.5714285714285714,7,0.6130357142857142,0.6130357142857142,0.6130357142857142,Active,0,0,-144,0.5901639344262295,0.022871779859484742,61.3%
Deni Avdija,POR,AST,Assists,4.5,4.6,0.5714285714285714,7,0.6130357142857142,0.6130357142857142,0.6130357142857142,Active,0,0,-131,0.5670995670995671,0.045936147186147136,61.3%
Myles Turner,MIL,AST,Assists,1.5,2.0,0.5,8,0.6062500000000001,0.6062500000000001,0.6062500000000001,Active,0,0,-136,0.576271186440678,0.02997881355932208,60.6%
Kon Knueppel,CHA,AST,Assists,2.5,2.8,0.5,8,0.605625,0.605625,0.605625,Active,0,0,-135,0.574468085106383,0.031156914893616938,60.6%
VJ Edgecombe,PHI,AST,Assists,3.5,4.3,0.625,8,0.7118749999999999,0.7118749999999999,0.6050937499999999,Questionable,0,1,-105,0.5121951219512195,0.09289862804878035,60.5%
Bobby Portis,MIL,AST,Assists,1.5,1.3,0.625,8,0.6025,0.6025,0.6025,Active,0,0,-102,0.504950495049505,0.09754950495049508,60.2%
Cooper Flagg,DAL,AST,Assists,3.5,3.3,0.625,8,0.6025,0.6025,0.6025,Active,0,0,-144,0.5901639344262295,0.012336065573770538,60.2%
Andrew Wiggins,MIA,AST,Assists,2.5,2.8,0.5,8,0.6024999999999999,0.6024999999999999,0.6024999999999999,Active,0,0,-129,0.5633187772925764,0.039181222707423524,60.2%
Norman Powell,MIA,AST,Assists,2.5,2.7,0.5,6,0.5725000000000001,0.5725000000000001,0.5725000000000001,Active,0,0,121,0.4524886877828054,0.12001131221719474,57.3%
Moussa Diabate,,AST,Assists,0.5,0.0,0.625,8,0.5718749999999999,0.5718749999999999,0.5718749999999999,,0,0,-196,0.6621621621621622,-0.09028716216216226,57.2%
DeMar DeRozan,SAC,AST,Assists,2.5,3.3,0.375,8,0.568125,0.568125,0.568125,Active,0,0,-175,0.6363636363636364,-0.06823863636363636,56.8%
Kevin Durant,HOU,AST,Assists,3.5,3.2,0.5714285714285714,7,0.5573214285714286,0.5573214285714286,0.5573214285714286,Active,0,0,-140,0.5833333333333334,-0.026011904761904736,55.7%
Trendon Watford,PHI,AST,Assists,3.5,4.0,0.375,8,0.55,0.55,0.55,Active,0,0,-105,0.5121951219512195,0.03780487804878052,55.0%
Zach LaVine,SAC,AST,Assists,2.5,2.1,0.5714285714285714,7,0.5496428571428572,0.5496428571428572,0.5496428571428572,Active,0,0,-175,0.6363636363636364,-0.08672077922077914,55.0%
Anthony Edwards,MIN,AST,Assists,4.5,3.3,0.75,4,0.54625,0.54625,0.54625,Active,0,0,-126,0.5575221238938053,-0.011272123893805275,54.6%
Desmond Bane,ORL,AST,Assists,5.5,4.7,0.625,8,0.52875,0.52875,0.52875,Active,0,0,-119,0.54337899543379,-0.014628995433789926,52.9%
Anthony Black,ORL,AST,Assists,2.5,2.3,0.5,8,0.5275000000000001,0.5275000000000001,0.5275000000000001,Active,0,0,-151,0.601593625498008,-0.07409362549800791,52.8%
Jalen Suggs,ORL,AST,Assists,4.5,4.2,0.5,6,0.5120833333333333,0.5120833333333333,0.5120833333333333,Active,0,0,119,0.45662100456621,0.055462328767123314,51.2%
Davion Mitchell,MIA,AST,Assists,7.5,7.3,0.5,8,0.50875,0.50875,0.50875,Active,0,0,-106,0.5145631067961165,-0.005813106796116463,50.9%
Jeremiah Fears,NOP,AST,Assists,3.5,3.1,0.5,8,0.508125,0.508125,0.508125,Active,0,0,-128,0.5614035087719298,-0.053278508771929745,50.8%
Kyle Kuzma,MIL,AST,Assists,1.5,1.5,0.375,8,0.484375,0.484375,0.484375,Active,0,0,-166,0.6240601503759399,-0.13968515037593987,48.4%
Russell Westbrook,SAC,AST,Assists,6.5,5.8,0.5,8,0.47750000000000004,0.47750000000000004,0.47750000000000004,Active,0,0,112,0.4716981132075472,0.005801886792452859,47.8%
Kris Dunn,LAC,AST,Assists,2.5,1.9,0.5,8,0.47625,0.47625,0.47625,Active,0,0,104,0.4901960784313725,-0.013946078431372466,47.6%
Victor Wembanyama,SAS,AST,Assists,4.5,4.0,0.42857142857142855,7,0.4598214285714286,0.4598214285714286,0.4598214285714286,Active,0,0,-116,0.5370370370370371,-0.07721560846560849,46.0%
Brandin Podziemski,GSW,AST,Assists,3.5,3.2,0.375,8,0.44750000000000006,0.44750000000000006,0.44750000000000006,Active,0,0,120,0.4545454545454545,-0.00704545454545441,44.8%
Derik Queen,NOP,AST,Assists,2.5,2.1,0.375,8,0.44250000000000006,0.44250000000000006,0.44250000000000006,Active,0,0,-144,0.5901639344262295,-0.14766393442622944,44.3%
Shaedon Sharpe,POR,AST,Assists,1.5,1.5,0.2857142857142857,7,0.42678571428571427,0.42678571428571427,0.42678571428571427,Active,0,0,-153,0.6047430830039525,-0.17795736871823825,42.7%
Will Richard,GSW,AST,Assists,1.5,1.5,0.2857142857142857,7,0.42678571428571427,0.42678571428571427,0.42678571428571427,Active,0,0,-163,0.6197718631178707,-0.19298614883215642,42.7%
Dennis Schroder,,AST,Assists,4.5,0.0,0.625,8,0.42375,0.42375,0.42375,,0,0,-116,0.5370370370370371,-0.11328703703703707,42.4%
James Harden,LAC,AST,Assists,9.5,8.9,0.42857142857142855,7,0.41321428571428576,0.41321428571428576,0.41321428571428576,Active,0,0,102,0.495049504950495,-0.08183521923620923,41.3%
Giannis Antetokounmpo,MIL,AST,Assists,6.5,6.2,0.42857142857142855,7,0.46089285714285716,0.46089285714285716,0.3917589285714286,Probable,0,1,-135,0.574468085106383,-0.18270915653495445,39.2%
P.J. Washington,DAL,AST,Assists,2.5,2.3,0.375,8,0.4525,0.4525,0.384625,Questionable,0,1,120,0.4545454545454545,-0.06992045454545448,38.5%
Draymond Green,GSW,AST,Assists,5.5,5.5,0.25,8,0.38250000000000006,0.38250000000000006,0.38250000000000006,Active,0,0,100,0.5,-0.11749999999999994,38.3%
Ivica Zubac,LAC,AST,Assists,2.5,2.3,0.25,8,0.37437499999999996,0.37437499999999996,0.37437499999999996,Active,0,0,104,0.4901960784313725,-0.11582107843137252,37.4%
Stephen Curry,GSW,AST,Assists,4.5,3.9,0.3333333333333333,6,0.37,0.37,0.37,Active,0,0,-142,0.5867768595041323,-0.21677685950413228,37.0%
Jose Alvarado,NOP,AST,Assists,3.5,2.6,0.375,8,0.36750000000000005,0.36750000000000005,0.36750000000000005,Active,0,0,-144,0.5901639344262295,-0.22266393442622945,36.8%
Trey Murphy III,NOP,AST,Assists,4.5,3.7,0.375,8,0.3662500000000001,0.3662500000000001,0.3662500000000001,Active,0,0,123,0.4484304932735426,-0.08218049327354254,36.6%
Domantas Sabonis,SAC,AST,Assists,4.5,3.7,0.42857142857142855,7,0.41178571428571437,0.41178571428571437,0.3500178571428572,Questionable,0,1,112,0.4716981132075472,-0.12168025606468996,35.0%
Luka Doncic,,AST,Assists,8.5,0.0,0.5,6,0.3375,0.3375,0.3375,,0,0,-113,0.5305164319248826,-0.1930164319248826,33.8%
Jalen Duren,DET,AST,Assists,2.5,1.6,0.42857142857142855,7,0.39696428571428577,0.39696428571428577,0.3374196428571429,Questionable,0,1,-108,0.5192307692307693,-0.1818111263736264,33.7%
Anthony Davis,DAL,AST,Assists,2.5,2.2,0.0,1,0.38625000000000004,0.38625000000000004,0.3283125,Questionable,0,1,-140,0.5833333333333334,-0.25502083333333336,32.8%
Donte DiVincenzo,MIN,AST,Assists,4.5,3.6,0.2857142857142857,7,0.3148214285714286,0.3148214285714286,0.3148214285714286,Active,0,0,120,0.4545454545454545,-0.1397240259740259,31.5%
Josh Hart,NYK,AST,Assists,4.5,3.7,0.25,8,0.3006250000000001,0.3006250000000001,0.3006250000000001,Active,0,0,-153,0.6047430830039525,-0.30411808300395243,30.1%
Franz Wagner,ORL,AST,Assists,5.5,3.8,0.375,8,0.26,0.26,0.26,Active,0,0,106,0.4854368932038835,-0.2254368932038835,26.0%
Nikola Jovic,,AST,Assists,3.5,0.0,0.375,8,0.25312500000000004,0.25312500000000004,0.25312500000000004,,0,0,129,0.4366812227074236,-0.18355622270742356,25.3%
Brandon Williams,DAL,AST,Assists,4.5,2.9,0.25,8,0.2025,0.2025,0.2025,Active,0,0,-104,0.5098039215686274,-0.3073039215686274,20.2%
Egor Demin,,AST,Assists,4.5,0.0,0.2857142857142857,7,0.1875,0.1875,0.1875,,0,0,-120,0.5454545454545454,-0.3579545454545454,18.8%
De'Aaron Fox,SAS,AST,Assists,5.5,4.3,0.0,3,0.11083333333333331,0.11083333333333331,0.11083333333333331,Active,0,0,-138,0.5798319327731093,-0.46899859943977595,11.1%
Nicolas Claxton,,AST,Assists,3.5,0.0,,0,,,,,0,0,125,0.4444444444444444,,~0%
Michael Porter Jr,,AST,Assists,2.5,0.0,,0,,,,,0,0,141,0.4149377593360996,,~0%
Wendell Carter Jr,,AST,Assists,1.5,0.0,,0,,,,,0,0,-144,0.5901639344262295,,~0%
Jaime Jaquez Jr,,AST,Assists,4.5,0.0,,0,,,,,0,0,-120,0.5454545454545454,,~0%
Kelly Oubre Jr,,AST,Assists,1.5,0.0,,0,,,,,0,0,114,0.4672897196261682,,~0%
A.J. Green,,AST,Assists,1.5,0.0,,0,,,,,0,0,-163,0.6197718631178707,,~0%
Gary Trent Jr,,AST,Assists,1.5,0.0,,0,,,,,0,0,-105,0.5121951219512195,,~0%
Jabari Smith Jr,,AST,Assists,1.5,0.0,,0,,,,,0,0,-101,0.5024875621890548,,~0%
Herb Jones,,AST,Assists,3.5,0.0,,0,,,,,0,0,131,0.4329004329004329,,~0%
Jimmy Butler,,AST,Assists,4.5,0.0,,0,,,,,0,0,-153,0.6047430830039525,,~0%
Rui Hachimura,LAL,PTS,Points,12.5,16.0,0.75,8,0.875,0.875,0.875,Active,0,0,-116,0.5370370370370371,0.3379629629629629,87.5%
Tari Eason,HOU,PTS,Points,10.5,12.3,0.8571428571428571,7,0.8567142857142858,0.8567142857142858,0.8567142857142858,Active,0,0,-113,0.5305164319248826,0.32619785378940314,85.7%
Simone Fontecchio,MIA,PTS,Points,8.5,11.5,0.75,8,0.8462500000000001,0.8462500000000001,0.8462500000000001,Active,0,0,-106,0.5145631067961165,0.33168689320388356,84.6%
Max Christie,DAL,PTS,Points,11.5,13.0,0.875,8,0.8425000000000001,0.8425000000000001,0.8425000000000001,Active,0,0,-123,0.5515695067264574,0.2909304932735427,84.3%
Jaden McDaniels,MIN,PTS,Points,15.5,18.4,0.7142857142857143,7,0.8283571428571428,0.8283571428571428,0.8283571428571428,Active,0,0,-117,0.5391705069124424,0.2891866359447004,82.8%
Deni Avdija,POR,PTS,Points,23.5,26.1,0.7142857142857143,7,0.814857142857143,0.814857142857143,0.814857142857143,Active,0,0,-103,0.5073891625615764,0.30746798029556655,81.5%
Sion James,CHA,PTS,Points,6.5,8.3,0.75,8,0.7860000000000001,0.7860000000000001,0.7860000000000001,Active,0,0,-131,0.5670995670995671,0.21890043290043304,78.6%
Ryan Rollins,MIL,PTS,Points,14.5,17.3,0.625,8,0.77475,0.77475,0.77475,Active,0,0,-126,0.5575221238938053,0.21722787610619476,77.5%
Keldon Johnson,SAS,PTS,Points,9.5,11.5,0.7142857142857143,7,0.7742857142857144,0.7742857142857144,0.7742857142857144,Active,0,0,-120,0.5454545454545454,0.22883116883116894,77.4%
Reed Sheppard,HOU,PTS,Points,10.5,12.2,0.7142857142857143,7,0.7665000000000001,0.7665000000000001,0.7665000000000001,Active,0,0,-103,0.5073891625615764,0.25911083743842367,76.7%
Jake LaRavia,LAL,PTS,Points,8.5,11.1,0.625,8,0.7657500000000002,0.7657500000000002,0.7657500000000002,Active,0,0,-101,0.5024875621890548,0.2632624378109454,76.6%
Harrison Barnes,SAS,PTS,Points,10.5,11.8,0.7142857142857143,7,0.7556428571428573,0.7556428571428573,0.7556428571428573,Active,0,0,-101,0.5024875621890548,0.2531552949538025,75.6%
Kon Knueppel,CHA,PTS,Points,15.5,16.6,0.75,8,0.7545000000000001,0.7545000000000001,0.7545000000000001,Active,0,0,-104,0.5098039215686274,0.24469607843137264,75.5%
Julius Randle,MIN,PTS,Points,22.5,25.4,0.5714285714285714,7,0.7497857142857143,0.7497857142857143,0.7497857142857143,Active,0,0,-121,0.5475113122171946,0.20227440206851965,75.0%
Toumani Camara,POR,PTS,Points,12.5,12.1,0.8571428571428571,7,0.7391428571428571,0.7391428571428571,0.7391428571428571,Active,0,0,-113,0.5305164319248826,0.20862642521797448,73.9%
Jerami Grant,POR,PTS,Points,16.5,18.1,0.7142857142857143,7,0.7305714285714286,0.7305714285714286,0.7305714285714286,Active,0,0,-114,0.5327102803738317,0.19786114819759693,73.1%
Stephon Castle,SAS,PTS,Points,16.5,18.9,0.5714285714285714,7,0.7222857142857142,0.7222857142857142,0.7222857142857142,Active,0,0,-123,0.5515695067264574,0.17071620755925676,72.2%
Quentin Grimes,PHI,PTS,Points,15.5,17.3,0.625,8,0.7222500000000001,0.7222500000000001,0.7222500000000001,Active,0,0,-111,0.5260663507109005,0.1961836492890996,72.2%
Donte DiVincenzo,MIN,PTS,Points,13.5,13.8,0.7142857142857143,7,0.6935000000000001,0.6935000000000001,0.6935000000000001,Active,0,0,-120,0.5454545454545454,0.1480454545454547,69.4%
Shaedon Sharpe,POR,PTS,Points,19.5,21.1,0.5714285714285714,7,0.6912857142857145,0.6912857142857145,0.6912857142857145,Active,0,0,-113,0.5305164319248826,0.16076928236083188,69.1%
Zach LaVine,SAC,PTS,Points,21.5,23.9,0.5714285714285714,7,0.6908571428571428,0.6908571428571428,0.6908571428571428,Active,0,0,-120,0.5454545454545454,0.14540259740259742,69.1%
Luke Kornet,SAS,PTS,Points,6.5,11.0,1.0,2,0.6825000000000001,0.6825000000000001,0.6825000000000001,Active,0,0,-123,0.5515695067264574,0.13093049327354267,68.3%
Will Richard,GSW,PTS,Points,8.5,9.4,0.5714285714285714,7,0.6597857142857144,0.6597857142857144,0.6597857142857144,Active,0,0,-123,0.5515695067264574,0.10821620755925698,66.0%
Tre Mann,CHA,PTS,Points,10.5,10.8,0.625,8,0.656,0.656,0.656,Active,0,0,-112,0.5283018867924528,0.1276981132075472,65.6%
Buddy Hield,GSW,PTS,Points,6.5,7.2,0.625,8,0.6552500000000001,0.6552500000000001,0.6552500000000001,Active,0,0,100,0.5,0.1552500000000001,65.5%
Davion Mitchell,MIA,PTS,Points,9.5,9.9,0.625,8,0.6467499999999999,0.6467499999999999,0.6467499999999999,Active,0,0,-126,0.5575221238938053,0.08922787610619465,64.7%
Austin Reaves,LAL,PTS,Points,24.5,28.3,0.4,5,0.6450000000000001,0.6450000000000001,0.6450000000000001,Active,0,0,-114,0.5327102803738317,0.1122897196261684,64.5%
Josh Okogie,HOU,PTS,Points,7.5,8.4,0.5714285714285714,7,0.6347857142857144,0.6347857142857144,0.6347857142857144,Active,0,0,-114,0.5327102803738317,0.10207543391188267,63.5%
Cole Anthony,MIL,PTS,Points,9.5,9.9,0.625,8,0.633,0.633,0.633,Active,0,0,-106,0.5145631067961165,0.11843689320388351,63.3%
Miles Bridges,CHA,PTS,Points,20.5,21.8,0.5,8,0.6310000000000001,0.6310000000000001,0.6310000000000001,Active,0,0,-116,0.5370370370370371,0.09396296296296303,63.1%
De'Aaron Fox,SAS,PTS,Points,19.5,19.3,0.6666666666666666,3,0.6310000000000001,0.6310000000000001,0.6310000000000001,Active,0,0,-120,0.5454545454545454,0.0855454545454547,63.1%
Kris Murray,POR,PTS,Points,5.5,5.3,0.6666666666666666,6,0.6293333333333333,0.6293333333333333,0.6293333333333333,Active,0,0,100,0.5,0.1293333333333333,62.9%
Norman Powell,MIA,PTS,Points,23.5,24.8,0.5,6,0.6251666666666668,0.6251666666666668,0.6251666666666668,Active,0,0,-108,0.5192307692307693,0.10593589743589749,62.5%
Devin Vassell,SAS,PTS,Points,14.5,13.9,0.7142857142857143,7,0.6187142857142859,0.6187142857142859,0.6187142857142859,Active,0,0,-106,0.5145631067961165,0.10415117891816938,61.9%
Jrue Holiday,POR,PTS,Points,16.5,17.0,0.5714285714285714,7,0.6125,0.6125,0.6125,Active,0,0,-109,0.5215311004784688,0.0909688995215312,61.3%
Kyle Kuzma,MIL,PTS,Points,12.5,13.3,0.5,8,0.6122500000000001,0.6122500000000001,0.6122500000000001,Active,0,0,-123,0.5515695067264574,0.060680493273542635,61.2%
Brandin Podziemski,GSW,PTS,Points,10.5,11.5,0.5,8,0.6012500000000001,0.6012500000000001,0.6012500000000001,Active,0,0,-117,0.5391705069124424,0.06207949308755767,60.1%
James Harden,LAC,PTS,Points,23.5,23.4,0.5714285714285714,7,0.5912142857142856,0.5912142857142856,0.5912142857142856,Active,0,0,-114,0.5327102803738317,0.05850400534045386,59.1%
Landry Shamet,NYK,PTS,Points,8.5,7.6,0.625,8,0.58325,0.58325,0.58325,Active,0,0,-123,0.5515695067264574,0.03168049327354261,58.3%
Ziaire Williams,BKN,PTS,Points,8.5,9.1,0.5,6,0.5770000000000001,0.5770000000000001,0.5770000000000001,Active,0,0,-121,0.5475113122171946,0.029488687782805445,57.7%
Bobby Portis,MIL,PTS,Points,10.5,9.6,0.625,8,0.577,0.577,0.577,Active,0,0,-103,0.5073891625615764,0.06961083743842356,57.7%
Pelle Larsson,MIA,PTS,Points,9.5,9.6,0.5,8,0.5707500000000001,0.5707500000000001,0.5707500000000001,Active,0,0,-101,0.5024875621890548,0.06826243781094532,57.1%
Rudy Gobert,MIN,PTS,Points,11.5,10.9,0.5714285714285714,7,0.5701428571428572,0.5701428571428572,0.5701428571428572,Active,0,0,-129,0.5633187772925764,0.006824079850280773,57.0%
Deandre Ayton,LAL,PTS,Points,14.5,15.5,0.42857142857142855,7,0.5650000000000001,0.5650000000000001,0.5650000000000001,Active,0,0,-120,0.5454545454545454,0.019545454545454644,56.5%
Daniel Gafford,DAL,PTS,Points,8.5,9.4,0.42857142857142855,7,0.5605000000000001,0.5605000000000001,0.5605000000000001,Active,0,0,-113,0.5305164319248826,0.029983568075117484,56.1%
Cade Cunningham,DET,PTS,Points,28.5,27.5,0.7142857142857143,7,0.652857142857143,0.652857142857143,0.5549285714285715,Questionable,0,1,-114,0.5327102803738317,0.022218291054739825,55.5%
Jalen Duren,DET,PTS,Points,20.5,19.4,0.7142857142857143,7,0.6419285714285714,0.6419285714285714,0.5456392857142857,Questionable,0,1,-102,0.504950495049505,0.040688790664780705,54.6%
Brook Lopez,LAC,PTS,Points,7.5,7.5,0.5,8,0.545,0.545,0.545,Active,0,0,-106,0.5145631067961165,0.03043689320388354,54.5%
Moses Moody,GSW,PTS,Points,12.5,12.3,0.5,8,0.5397500000000001,0.5397500000000001,0.5397500000000001,Active,0,0,-101,0.5024875621890548,0.03726243781094529,54.0%
Goga Bitadze,ORL,PTS,Points,6.5,6.1,0.5,8,0.5345,0.5345,0.5345,Active,0,0,-103,0.5073891625615764,0.027110837438423574,53.4%
Precious Achiuwa,SAC,PTS,Points,6.5,7.2,0.4,5,0.5335000000000001,0.5335000000000001,0.5335000000000001,Active,0,0,-104,0.5098039215686274,0.02369607843137267,53.4%
Malik Monk,SAC,PTS,Points,12.5,14.2,0.5,6,0.6248333333333334,0.6248333333333334,0.5311083333333333,Questionable,0,1,-104,0.5098039215686274,0.021304411764705877,53.1%
Alperen Sengun,HOU,PTS,Points,21.5,22.1,0.42857142857142855,7,0.5284285714285715,0.5284285714285715,0.5284285714285715,Active,0,0,-123,0.5515695067264574,-0.023140935297885967,52.8%
Andrew Wiggins,MIA,PTS,Points,18.5,17.8,0.5,8,0.52725,0.52725,0.52725,Active,0,0,-102,0.504950495049505,0.02229950495049504,52.7%
Anthony Black,ORL,PTS,Points,10.5,11.3,0.375,8,0.521,0.521,0.521,Active,0,0,-125,0.5555555555555556,-0.03455555555555556,52.1%
Kris Dunn,LAC,PTS,Points,6.5,7.2,0.375,8,0.5177500000000002,0.5177500000000002,0.5177500000000002,Active,0,0,-102,0.504950495049505,0.0127995049504952,51.8%
Terance Mann,BKN,PTS,Points,9.5,9.7,0.42857142857142855,7,0.5132857142857142,0.5132857142857142,0.5132857142857142,Active,0,0,-108,0.5192307692307693,-0.005945054945055039,51.3%
Myles Turner,MIL,PTS,Points,13.5,12.4,0.5,8,0.5105,0.5105,0.5105,Active,0,0,-120,0.5454545454545454,-0.03495454545454546,51.0%
Tristan da Silva,ORL,PTS,Points,11.5,10.7,0.5,8,0.51025,0.51025,0.51025,Active,0,0,-117,0.5391705069124424,-0.028920506912442412,51.0%
Duncan Robinson,DET,PTS,Points,13.5,12.3,0.5,8,0.5022500000000001,0.5022500000000001,0.5022500000000001,Active,0,0,-116,0.5370370370370371,-0.034787037037037005,50.2%
Tyrese Maxey,PHI,PTS,Points,31.5,32.1,0.375,8,0.49575,0.49575,0.49575,Active,0,0,-104,0.5098039215686274,-0.014053921568627392,49.6%
Russell Westbrook,SAC,PTS,Points,14.5,14.5,0.375,8,0.495,0.495,0.495,Active,0,0,-112,0.5283018867924528,-0.03330188679245283,49.5%
Trendon Watford,PHI,PTS,Points,9.5,9.5,0.375,8,0.48125,0.48125,0.48125,Active,0,0,-117,0.5391705069124424,-0.05792050691244238,48.1%
Noah Clowney,BKN,PTS,Points,11.5,9.0,0.5714285714285714,7,0.4760714285714286,0.4760714285714286,0.4760714285714286,Active,0,0,-107,0.5169082125603864,-0.04083678398895785,47.6%
Victor Wembanyama,SAS,PTS,Points,26.5,26.2,0.42857142857142855,7,0.4672142857142857,0.4672142857142857,0.4672142857142857,Active,0,0,-117,0.5391705069124424,-0.0719562211981567,46.7%
VJ Edgecombe,PHI,PTS,Points,13.5,15.4,0.375,8,0.54925,0.54925,0.4668625,Questionable,0,1,-123,0.5515695067264574,-0.08470700672645742,46.7%
DeMar DeRozan,SAC,PTS,Points,19.5,19.2,0.375,8,0.46524999999999994,0.46524999999999994,0.46524999999999994,Active,0,0,-109,0.5215311004784688,-0.056281100478468904,46.5%
Collin Sexton,CHA,PTS,Points,16.5,15.8,0.42857142857142855,7,0.45992857142857146,0.45992857142857146,0.45992857142857146,Active,0,0,-101,0.5024875621890548,-0.042558990760483306,46.0%
Tyrese Martin,BKN,PTS,Points,7.5,6.5,0.42857142857142855,7,0.4592857142857143,0.4592857142857143,0.4592857142857143,Active,0,0,-108,0.5192307692307693,-0.059945054945054976,45.9%
Domantas Sabonis,SAC,PTS,Points,16.5,15.3,0.5714285714285714,7,0.536,0.536,0.4556,Questionable,0,1,-101,0.5024875621890548,-0.046887562189054766,45.6%
Kevin Durant,HOU,PTS,Points,25.5,24.6,0.42857142857142855,7,0.45378571428571435,0.45378571428571435,0.45378571428571435,Active,0,0,-116,0.5370370370370371,-0.08325132275132274,45.4%
Saddiq Bey,NOP,PTS,Points,14.5,12.6,0.5,8,0.45199999999999996,0.45199999999999996,0.45199999999999996,Active,0,0,-112,0.5283018867924528,-0.07630188679245287,45.2%
Josh Hart,NYK,PTS,Points,10.5,8.4,0.5,8,0.4455000000000001,0.4455000000000001,0.4455000000000001,Active,0,0,-107,0.5169082125603864,-0.07140821256038632,44.6%
Kel'el Ware,MIA,PTS,Points,12.5,10.5,0.5,8,0.43625,0.43625,0.43625,Active,0,0,-108,0.5192307692307693,-0.08298076923076925,43.6%
Mitchell Robinson,NYK,PTS,Points,5.5,4.4,0.4,5,0.4345000000000001,0.4345000000000001,0.4345000000000001,Active,0,0,-123,0.5515695067264574,-0.11706950672645733,43.5%
Anthony Edwards,MIN,PTS,Points,29.5,27.1,0.5,4,0.4295000000000001,0.4295000000000001,0.4295000000000001,Active,0,0,-113,0.5305164319248826,-0.10101643192488252,43.0%
Stephen Curry,GSW,PTS,Points,27.5,27.1,0.3333333333333333,6,0.42366666666666675,0.42366666666666675,0.42366666666666675,Active,0,0,-105,0.5121951219512195,-0.08852845528455278,42.4%
Al Horford,GSW,PTS,Points,6.5,6.0,0.3333333333333333,6,0.42083333333333334,0.42083333333333334,0.42083333333333334,Active,0,0,-126,0.5575221238938053,-0.13668879056047195,42.1%
Giannis Antetokounmpo,MIL,PTS,Points,33.5,33.4,0.42857142857142855,7,0.49407142857142855,0.49407142857142855,0.41996071428571424,Probable,0,1,-111,0.5260663507109005,-0.10610563642518622,42.0%
Draymond Green,GSW,PTS,Points,7.5,7.8,0.25,8,0.41725,0.41725,0.41725,Active,0,0,-131,0.5670995670995671,-0.1498495670995671,41.7%
Naz Reid,MIN,PTS,Points,12.5,10.8,0.42857142857142855,7,0.4149285714285714,0.4149285714285714,0.4149285714285714,Active,0,0,-108,0.5192307692307693,-0.10430219780219785,41.5%
Brandon Williams,DAL,PTS,Points,13.5,10.5,0.5,8,0.41125000000000006,0.41125000000000006,0.41125000000000006,Active,0,0,-120,0.5454545454545454,-0.13420454545454535,41.1%
Jeremiah Fears,NOP,PTS,Points,15.5,14.0,0.375,8,0.41125,0.41125,0.41125,Active,0,0,-109,0.5215311004784688,-0.11028110047846884,41.1%
P.J. Washington,DAL,PTS,Points,14.5,14.7,0.375,8,0.4815,0.4815,0.409275,Questionable,0,1,-123,0.5515695067264574,-0.14229450672645744,40.9%
Amen Thompson,HOU,PTS,Points,18.5,17.6,0.2857142857142857,7,0.4009285714285715,0.4009285714285715,0.4009285714285715,Active,0,0,-113,0.5305164319248826,-0.1295878604963111,40.1%
Donovan Clingan,POR,PTS,Points,8.5,8.2,0.2857142857142857,7,0.3950714285714285,0.3950714285714285,0.3950714285714285,Active,0,0,-113,0.5305164319248826,-0.1354450033534541,39.5%
Anthony Davis,DAL,PTS,Points,20.5,20.8,0.0,1,0.4335,0.4335,0.368475,Questionable,0,1,-120,0.5454545454545454,-0.17697954545454542,36.8%
Andre Drummond,PHI,PTS,Points,10.5,7.6,0.42857142857142855,7,0.36807142857142855,0.36807142857142855,0.36807142857142855,Active,0,0,-102,0.504950495049505,-0.1368790664780764,36.8%
Jordan Clarkson,NYK,PTS,Points,11.5,9.1,0.375,8,0.36075,0.36075,0.36075,Active,0,0,-117,0.5391705069124424,-0.17842050691244238,36.1%
OG Anunoby,NYK,PTS,Points,19.5,17.1,0.375,8,0.35325000000000006,0.35325000000000006,0.35325000000000006,Active,0,0,-120,0.5454545454545454,-0.19220454545454535,35.3%
Ivica Zubac,LAC,PTS,Points,17.5,15.2,0.375,8,0.3515,0.3515,0.3515,Active,0,0,-105,0.5121951219512195,-0.16069512195121954,35.1%
Cooper Flagg,DAL,PTS,Points,16.5,15.1,0.25,8,0.34575,0.34575,0.34575,Active,0,0,-105,0.5121951219512195,-0.16644512195121952,34.6%
Nicolas Batum,LAC,PTS,Points,4.5,3.2,0.25,8,0.3415,0.3415,0.3415,Active,0,0,-135,0.574468085106383,-0.232968085106383,34.2%
Moussa Diabate,,PTS,Points,9.5,0.0,0.5,8,0.32625000000000004,0.32625000000000004,0.32625000000000004,,0,0,-128,0.5614035087719298,-0.23515350877192975,32.6%
Jose Alvarado,NOP,PTS,Points,8.5,6.7,0.25,8,0.324,0.324,0.324,Active,0,0,-114,0.5327102803738317,-0.2087102803738317,32.4%
LaMelo Ball,CHA,PTS,Points,20.5,23.3,0.0,3,0.37933333333333336,0.37933333333333336,0.32243333333333335,Probable,0,1,-117,0.5391705069124424,-0.21673717357910904,32.2%
Mikal Bridges,NYK,PTS,Points,18.5,15.6,0.375,8,0.32075000000000004,0.32075000000000004,0.32075000000000004,Active,0,0,-102,0.504950495049505,-0.18420049504950492,32.1%
Luka Doncic,,PTS,Points,33.5,0.0,0.5,6,0.3016666666666667,0.3016666666666667,0.3016666666666667,,0,0,-113,0.5305164319248826,-0.22884976525821593,30.2%
Desmond Bane,ORL,PTS,Points,19.5,15.5,0.375,8,0.27125000000000005,0.27125000000000005,0.27125000000000005,Active,0,0,-113,0.5305164319248826,-0.2592664319248826,27.1%
John Collins,LAC,PTS,Points,14.5,11.9,0.25,8,0.26550000000000007,0.26550000000000007,0.26550000000000007,Active,0,0,-119,0.54337899543379,-0.2778789954337899,26.6%
Trey Murphy III,NOP,PTS,Points,21.5,18.5,0.25,8,0.26125000000000004,0.26125000000000004,0.26125000000000004,Active,0,0,-106,0.5145631067961165,-0.25331310679611646,26.1%
Dennis Schroder,,PTS,Points,9.5,0.0,0.375,8,0.26,0.26,0.26,,0,0,-113,0.5305164319248826,-0.2705164319248826,26.0%
Jonathan Isaac,ORL,PTS,Points,5.5,2.5,0.25,8,0.25375000000000003,0.25375000000000003,0.25375000000000003,Active,0,0,-125,0.5555555555555556,-0.30180555555555555,25.4%
Franz Wagner,ORL,PTS,Points,25.5,22.5,0.25,8,0.24750000000000005,0.24750000000000005,0.24750000000000005,Active,0,0,-109,0.5215311004784688,-0.2740311004784688,24.8%
Jalen Suggs,ORL,PTS,Points,14.5,12.3,0.16666666666666666,6,0.24600000000000005,0.24600000000000005,0.24600000000000005,Active,0,0,-107,0.5169082125603864,-0.2709082125603864,24.6%
Caris LeVert,DET,PTS,Points,13.5,9.0,0.2857142857142857,7,0.19964285714285712,0.19964285714285712,0.19964285714285712,Active,0,0,-114,0.5327102803738317,-0.3330674232309746,20.0%
Derik Queen,NOP,PTS,Points,13.5,10.7,0.125,8,0.19274999999999995,0.19274999999999995,0.19274999999999995,Active,0,0,-113,0.5305164319248826,-0.33776643192488265,19.3%
Egor Demin,,PTS,Points,8.5,0.0,0.2857142857142857,7,0.18642857142857144,0.18642857142857144,0.18642857142857144,,0,0,-107,0.5169082125603864,-0.330479641131815,18.6%
Javonte Green,DET,PTS,Points,9.5,6.0,0.125,8,0.16125000000000003,0.16125000000000003,0.16125000000000003,Active,0,0,-103,0.5073891625615764,-0.3461391625615764,16.1%
Karl-Anthony Towns,NYK,PTS,Points,25.5,20.2,0.25,8,0.15750000000000003,0.15750000000000003,0.15750000000000003,Active,0,0,-117,0.5391705069124424,-0.38167050691244236,15.8%
Miles McBride,NYK,PTS,Points,12.5,8.4,0.14285714285714285,7,0.13907142857142857,0.13907142857142857,0.13907142857142857,Active,0,0,-101,0.5024875621890548,-0.3634161336176262,13.9%
Nikola Jovic,,PTS,Points,10.5,0.0,0.125,8,0.10125,0.10125,0.10125,,0,0,-126,0.5575221238938053,-0.4562721238938053,10.1%
Michael Porter Jr,,PTS,Points,21.5,0.0,,0,,,,,0,0,-117,0.5391705069124424,,~0%
Nicolas Claxton,,PTS,Points,13.5,0.0,,0,,,,,0,0,-123,0.5515695067264574,,~0%
Wendell Carter Jr,,PTS,Points,13.5,0.0,,0,,,,,0,0,-103,0.5073891625615764,,~0%
Jaime Jaquez Jr,,PTS,Points,15.5,0.0,,0,,,,,0,0,-111,0.5260663507109005,,~0%
Kelly Oubre Jr,,PTS,Points,15.5,0.0,,0,,,,,0,0,-112,0.5283018867924528,,~0%
Isaiah Stewart II,,PTS,Points,11.5,0.0,,0,,,,,0,0,-102,0.504950495049505,,~0%
Gary Trent Jr,,PTS,Points,9.5,0.0,,0,,,,,0,0,-123,0.5515695067264574,,~0%
A.J. Green,,PTS,Points,8.5,0.0,,0,,,,,0,0,-135,0.574468085106383,,~0%
Jabari Smith Jr,,PTS,Points,13.5,0.0,,0,,,,,0,0,-119,0.54337899543379,,~0%
Herb Jones,,PTS,Points,11.5,0.0,,0,,,,,0,0,-121,0.5475113122171946,,~0%
Derrick Jones,,PTS,Points,9.5,0.0,,0,,,,,0,0,-106,0.5145631067961165,,~0%
Dereck Lively II,DAL,PTS,Points,6.5,5.3,,0,,,,Active,0,0,-104,0.5098039215686274,,~0%
Jimmy Butler,,PTS,Points,19.5,0.0,,0,,,,,0,0,-120,0.5454545454545454,,~0%
Tyrese Maxey,PHI,REB,Rebounds,3.5,4.9,0.875,8,0.9437500000000001,0.9437500000000001,0.9437500000000001,Active,0,0,-158,0.6124031007751938,0.3313468992248063,94.4%
LaMelo Ball,CHA,REB,Rebounds,5.5,7.8,1.0,3,0.99,0.99,0.8415,Probable,0,1,112,0.4716981132075472,0.36980188679245285,84.2%
Mitchell Robinson,NYK,REB,Rebounds,7.5,8.4,0.8,5,0.8387500000000001,0.8387500000000001,0.8387500000000001,Active,0,0,-107,0.5169082125603864,0.32184178743961367,83.9%
Jake LaRavia,LAL,REB,Rebounds,3.5,4.5,0.75,8,0.8300000000000001,0.8300000000000001,0.8300000000000001,Active,0,0,-116,0.5370370370370371,0.292962962962963,83.0%
Karl-Anthony Towns,NYK,REB,Rebounds,11.5,12.6,0.75,8,0.826875,0.826875,0.826875,Active,0,0,-129,0.5633187772925764,0.2635562227074236,82.7%
Kon Knueppel,CHA,REB,Rebounds,5.5,6.4,0.75,8,0.8187500000000001,0.8187500000000001,0.8187500000000001,Active,0,0,-117,0.5391705069124424,0.2795794930875577,81.9%
Kris Murray,POR,REB,Rebounds,2.5,3.0,0.8333333333333334,6,0.8187500000000001,0.8187500000000001,0.8187500000000001,Active,0,0,-161,0.6168582375478927,0.20189176245210738,81.9%
Myles Turner,MIL,REB,Rebounds,5.5,6.3,0.75,8,0.7931250000000001,0.7931250000000001,0.7931250000000001,Active,0,0,-116,0.5370370370370371,0.256087962962963,79.3%
Alperen Sengun,HOU,REB,Rebounds,9.5,10.2,0.7142857142857143,7,0.7766071428571428,0.7766071428571428,0.7766071428571428,Active,0,0,-131,0.5670995670995671,0.20950757575757573,77.7%
Tari Eason,HOU,REB,Rebounds,4.5,5.2,0.7142857142857143,7,0.7626785714285715,0.7626785714285715,0.7626785714285715,Active,0,0,-140,0.5833333333333334,0.17934523809523817,76.3%
Keldon Johnson,SAS,REB,Rebounds,4.5,5.7,0.5714285714285714,7,0.7439285714285715,0.7439285714285715,0.7439285714285715,Active,0,0,-153,0.6047430830039525,0.13918548842461897,74.4%
Cole Anthony,MIL,REB,Rebounds,2.5,3.4,0.625,8,0.741875,0.741875,0.741875,Active,0,0,-131,0.5670995670995671,0.17477543290043285,74.2%
Jerami Grant,POR,REB,Rebounds,2.5,2.9,0.7142857142857143,7,0.7289285714285715,0.7289285714285715,0.7289285714285715,Active,0,0,-142,0.5867768595041323,0.1421517119244392,72.9%
Trey Murphy III,NOP,REB,Rebounds,5.5,6.8,0.5,8,0.724375,0.724375,0.724375,Active,0,0,-107,0.5169082125603864,0.20746678743961355,72.4%
OG Anunoby,NYK,REB,Rebounds,4.5,5.8,0.5,8,0.715,0.715,0.715,Active,0,0,-147,0.5951417004048583,0.11985829959514172,71.5%
Jrue Holiday,POR,REB,Rebounds,4.5,5.4,0.5714285714285714,7,0.7101785714285714,0.7101785714285714,0.7101785714285714,Active,0,0,-121,0.5475113122171946,0.1626672592113768,71.0%
Shaedon Sharpe,POR,REB,Rebounds,4.5,5.1,0.5714285714285714,7,0.6799999999999999,0.6799999999999999,0.6799999999999999,Active,0,0,-105,0.5121951219512195,0.16780487804878041,68.0%
Cooper Flagg,DAL,REB,Rebounds,6.5,6.8,0.625,8,0.6775,0.6775,0.6775,Active,0,0,102,0.495049504950495,0.182450495049505,67.8%
Stephon Castle,SAS,REB,Rebounds,5.5,6.1,0.5714285714285714,7,0.6728571428571428,0.6728571428571428,0.6728571428571428,Active,0,0,104,0.4901960784313725,0.18266106442577035,67.3%
Zach LaVine,SAC,REB,Rebounds,3.5,3.4,0.7142857142857143,7,0.6619642857142858,0.6619642857142858,0.6619642857142858,Active,0,0,106,0.4854368932038835,0.17652739251040228,66.2%
Quentin Grimes,PHI,REB,Rebounds,3.5,4.3,0.5,8,0.6587500000000001,0.6587500000000001,0.6587500000000001,Active,0,0,-121,0.5475113122171946,0.11123868778280543,65.9%
P.J. Washington,DAL,REB,Rebounds,6.5,7.6,0.625,8,0.7706249999999999,0.7706249999999999,0.6550312499999998,Questionable,0,1,-107,0.5169082125603864,0.1381230374396134,65.5%
Ryan Rollins,MIL,REB,Rebounds,3.5,3.7,0.625,8,0.644375,0.644375,0.644375,Active,0,0,-107,0.5169082125603864,0.1274667874396136,64.4%
VJ Edgecombe,PHI,REB,Rebounds,4.5,5.5,0.625,8,0.7562500000000001,0.7562500000000001,0.6428125,Questionable,0,1,100,0.5,0.1428125,64.3%
Miles Bridges,CHA,REB,Rebounds,6.5,7.2,0.5,8,0.638125,0.638125,0.638125,Active,0,0,-113,0.5305164319248826,0.10760856807511743,63.8%
Amen Thompson,HOU,REB,Rebounds,6.5,6.1,0.7142857142857143,7,0.6353571428571428,0.6353571428571428,0.6353571428571428,Active,0,0,-108,0.5192307692307693,0.11612637362637357,63.5%
Harrison Barnes,SAS,REB,Rebounds,2.5,2.7,0.5714285714285714,7,0.635,0.635,0.635,Active,0,0,-163,0.6197718631178707,0.015228136882129317,63.5%
Jaden McDaniels,MIN,REB,Rebounds,4.5,4.6,0.5714285714285714,7,0.6166071428571428,0.6166071428571428,0.6166071428571428,Active,0,0,-158,0.6124031007751938,0.004204042081949022,61.7%
Max Christie,DAL,REB,Rebounds,3.5,3.3,0.625,8,0.615,0.615,0.615,Active,0,0,104,0.4901960784313725,0.12480392156862752,61.5%
Donte DiVincenzo,MIN,REB,Rebounds,3.5,3.5,0.5714285714285714,7,0.6089285714285714,0.6089285714285714,0.6089285714285714,Active,0,0,-163,0.6197718631178707,-0.010843291689299317,60.9%
James Harden,LAC,REB,Rebounds,5.5,5.5,0.5714285714285714,7,0.5946428571428571,0.5946428571428571,0.5946428571428571,Active,0,0,-107,0.5169082125603864,0.0777346445824707,59.5%
Brandin Podziemski,GSW,REB,Rebounds,4.5,4.8,0.5,8,0.59,0.59,0.59,Active,0,0,-117,0.5391705069124424,0.050829493087557576,59.0%
Davion Mitchell,MIA,REB,Rebounds,2.5,2.8,0.5,8,0.5868749999999999,0.5868749999999999,0.5868749999999999,Active,0,0,-123,0.5515695067264574,0.03530549327354249,58.7%
Sion James,CHA,REB,Rebounds,2.5,2.7,0.5,8,0.5850000000000001,0.5850000000000001,0.5850000000000001,Active,0,0,-126,0.5575221238938053,0.027477876106194787,58.5%
Victor Wembanyama,SAS,REB,Rebounds,12.5,13.0,0.42857142857142855,7,0.5687500000000001,0.5687500000000001,0.5687500000000001,Active,0,0,-117,0.5391705069124424,0.029579493087557696,56.9%
Simone Fontecchio,MIA,REB,Rebounds,2.5,2.6,0.5,8,0.564375,0.564375,0.564375,Active,0,0,-147,0.5951417004048583,-0.030766700404858294,56.4%
Precious Achiuwa,SAC,REB,Rebounds,4.5,5.0,0.4,5,0.56375,0.56375,0.56375,Active,0,0,-142,0.5867768595041323,-0.023026859504132302,56.4%
Tre Mann,CHA,REB,Rebounds,2.5,3.1,0.375,8,0.56125,0.56125,0.56125,Active,0,0,-142,0.5867768595041323,-0.02552685950413225,56.1%
Donovan Clingan,POR,REB,Rebounds,8.5,8.9,0.42857142857142855,7,0.5575000000000001,0.5575000000000001,0.5575000000000001,Active,0,0,-107,0.5169082125603864,0.04059178743961367,55.8%
Franz Wagner,ORL,REB,Rebounds,6.5,6.4,0.5,8,0.55125,0.55125,0.55125,Active,0,0,104,0.4901960784313725,0.061053921568627545,55.1%
Josh Okogie,HOU,REB,Rebounds,2.5,2.2,0.5714285714285714,7,0.5501785714285714,0.5501785714285714,0.5501785714285714,Active,0,0,-136,0.576271186440678,-0.02609261501210658,55.0%
Rudy Gobert,MIN,REB,Rebounds,10.5,10.1,0.5714285714285714,7,0.5496428571428571,0.5496428571428571,0.5496428571428571,Active,0,0,-138,0.5798319327731093,-0.030189075630252193,55.0%
Marcus Smart,LAL,REB,Rebounds,2.5,2.1,0.5714285714285714,7,0.5460714285714287,0.5460714285714287,0.5460714285714287,Active,0,0,-107,0.5169082125603864,0.029163216011042215,54.6%
Austin Reaves,LAL,REB,Rebounds,4.5,5.1,0.4,5,0.5449999999999999,0.5449999999999999,0.5449999999999999,Active,0,0,117,0.4608294930875576,0.08417050691244232,54.5%
Stephen Curry,GSW,REB,Rebounds,3.5,3.5,0.5,6,0.5375,0.5375,0.5375,Active,0,0,-163,0.6197718631178707,-0.08227186311787071,53.8%
Kel'el Ware,MIA,REB,Rebounds,9.5,9.2,0.5,8,0.5287499999999999,0.5287499999999999,0.5287499999999999,Active,0,0,-142,0.5867768595041323,-0.05802685950413233,52.9%
Daniel Gafford,DAL,REB,Rebounds,5.5,5.6,0.42857142857142855,7,0.5237499999999999,0.5237499999999999,0.5237499999999999,Active,0,0,-133,0.5708154506437768,-0.047065450643776874,52.4%
Trendon Watford,PHI,REB,Rebounds,4.5,5.3,0.25,8,0.52125,0.52125,0.52125,Active,0,0,-120,0.5454545454545454,-0.024204545454545423,52.1%
Draymond Green,GSW,REB,Rebounds,5.5,5.3,0.5,8,0.52125,0.52125,0.52125,Active,0,0,-113,0.5305164319248826,-0.009266431924882634,52.1%
Anthony Black,ORL,REB,Rebounds,3.5,3.3,0.5,8,0.5181250000000001,0.5181250000000001,0.5181250000000001,Active,0,0,-103,0.5073891625615764,0.010735837438423657,51.8%
Desmond Bane,ORL,REB,Rebounds,4.5,4.3,0.5,8,0.515,0.515,0.515,Active,0,0,-158,0.6124031007751938,-0.09740310077519376,51.5%
Kyle Kuzma,MIL,REB,Rebounds,4.5,4.2,0.5,8,0.51,0.51,0.51,Active,0,0,-123,0.5515695067264574,-0.04156950672645743,51.0%
Kevin Durant,HOU,REB,Rebounds,4.5,4.6,0.42857142857142855,7,0.5094642857142857,0.5094642857142857,0.5094642857142857,Active,0,0,-138,0.5798319327731093,-0.07036764705882359,50.9%
Miles McBride,NYK,REB,Rebounds,2.5,2.4,0.42857142857142855,7,0.49410714285714286,0.49410714285714286,0.49410714285714286,Active,0,0,-147,0.5951417004048583,-0.1010345575477154,49.4%
Collin Sexton,CHA,REB,Rebounds,2.5,2.3,0.42857142857142855,7,0.49,0.49,0.49,Active,0,0,108,0.4807692307692308,0.009230769230769209,49.0%
Deni Avdija,POR,REB,Rebounds,6.5,6.3,0.42857142857142855,7,0.48999999999999994,0.48999999999999994,0.48999999999999994,Active,0,0,-119,0.54337899543379,-0.053378995433790044,49.0%
Julius Randle,MIN,REB,Rebounds,7.5,7.2,0.42857142857142855,7,0.47517857142857145,0.47517857142857145,0.47517857142857145,Active,0,0,-107,0.5169082125603864,-0.04172964113181499,47.5%
Kris Dunn,LAC,REB,Rebounds,2.5,2.5,0.375,8,0.47500000000000003,0.47500000000000003,0.47500000000000003,Active,0,0,-156,0.609375,-0.13437499999999997,47.5%
Domantas Sabonis,SAC,REB,Rebounds,12.5,12.3,0.5714285714285714,7,0.5578571428571429,0.5578571428571429,0.4741785714285715,Questionable,0,1,-109,0.5215311004784688,-0.04735252904989734,47.4%
Saddiq Bey,NOP,REB,Rebounds,4.5,4.4,0.375,8,0.473125,0.473125,0.473125,Active,0,0,-140,0.5833333333333334,-0.11020833333333335,47.3%
Mikal Bridges,NYK,REB,Rebounds,4.5,4.5,0.375,8,0.47187500000000004,0.47187500000000004,0.47187500000000004,Active,0,0,116,0.4629629629629629,0.008912037037037135,47.2%
Will Richard,GSW,REB,Rebounds,2.5,2.2,0.42857142857142855,7,0.4644642857142858,0.4644642857142858,0.4644642857142858,Active,0,0,-158,0.6124031007751938,-0.147938815060908,46.4%
DeMar DeRozan,SAC,REB,Rebounds,3.5,3.4,0.375,8,0.46375000000000005,0.46375000000000005,0.46375000000000005,Active,0,0,122,0.4504504504504504,0.01329954954954965,46.4%
Luke Kornet,SAS,REB,Rebounds,5.5,5.8,0.5,2,0.45375,0.45375,0.45375,Active,0,0,104,0.4901960784313725,-0.036446078431372486,45.4%
Devin Vassell,SAS,REB,Rebounds,3.5,3.6,0.2857142857142857,7,0.44875000000000004,0.44875000000000004,0.44875000000000004,Active,0,0,104,0.4901960784313725,-0.041446078431372435,44.9%
Ivica Zubac,LAC,REB,Rebounds,11.5,10.5,0.5,8,0.446875,0.446875,0.446875,Active,0,0,-108,0.5192307692307693,-0.07235576923076925,44.7%
Russell Westbrook,SAC,REB,Rebounds,6.5,6.2,0.375,8,0.4443750000000001,0.4443750000000001,0.4443750000000001,Active,0,0,112,0.4716981132075472,-0.0273231132075471,44.4%
Derik Queen,NOP,REB,Rebounds,6.5,5.6,0.5,8,0.43625,0.43625,0.43625,Active,0,0,-108,0.5192307692307693,-0.08298076923076925,43.6%
Terance Mann,BKN,REB,Rebounds,3.5,3.0,0.42857142857142855,7,0.4348214285714286,0.4348214285714286,0.4348214285714286,Active,0,0,127,0.4405286343612334,-0.005707205789804826,43.5%
Noah Clowney,BKN,REB,Rebounds,4.5,3.9,0.42857142857142855,7,0.43428571428571433,0.43428571428571433,0.43428571428571433,Active,0,0,-113,0.5305164319248826,-0.0962307176391683,43.4%
Al Horford,GSW,REB,Rebounds,4.5,4.3,0.3333333333333333,6,0.4316666666666667,0.4316666666666667,0.4316666666666667,Active,0,0,110,0.4761904761904761,-0.04452380952380941,43.2%
Anthony Davis,DAL,REB,Rebounds,9.5,10.2,0.0,1,0.4987499999999999,0.4987499999999999,0.4239374999999999,Questionable,0,1,-103,0.5073891625615764,-0.08345166256157649,42.4%
Cade Cunningham,DET,REB,Rebounds,5.5,5.4,0.42857142857142855,7,0.4941071428571429,0.4941071428571429,0.41999107142857145,Questionable,0,1,-123,0.5515695067264574,-0.131578435297886,42.0%
Dennis Schroder,,REB,Rebounds,2.5,0.0,0.625,8,0.4125,0.4125,0.4125,,0,0,-156,0.609375,-0.19687500000000002,41.2%
Norman Powell,MIA,REB,Rebounds,3.5,4.0,0.16666666666666666,6,0.39375,0.39375,0.39375,Active,0,0,-103,0.5073891625615764,-0.11363916256157641,39.4%
Jeremiah Fears,NOP,REB,Rebounds,3.5,2.8,0.375,8,0.39312500000000006,0.39312500000000006,0.39312500000000006,Active,0,0,129,0.4366812227074236,-0.04355622270742354,39.3%
De'Aaron Fox,SAS,REB,Rebounds,4.5,4.0,0.3333333333333333,3,0.3895833333333334,0.3895833333333334,0.3895833333333334,Active,0,0,123,0.4484304932735426,-0.058847159940209226,39.0%
Andrew Wiggins,MIA,REB,Rebounds,5.5,4.8,0.375,8,0.386875,0.386875,0.386875,Active,0,0,104,0.4901960784313725,-0.10332107843137245,38.7%
Goga Bitadze,ORL,REB,Rebounds,5.5,4.9,0.375,8,0.3837500000000001,0.3837500000000001,0.3837500000000001,Active,0,0,-126,0.5575221238938053,-0.1737721238938052,38.4%
Rui Hachimura,LAL,REB,Rebounds,4.5,3.8,0.375,8,0.38375000000000004,0.38375000000000004,0.38375000000000004,Active,0,0,-123,0.5515695067264574,-0.1678195067264574,38.4%
Giannis Antetokounmpo,MIL,REB,Rebounds,11.5,11.9,0.2857142857142857,7,0.44714285714285723,0.44714285714285723,0.3800714285714286,Probable,0,1,104,0.4901960784313725,-0.11012464985994386,38.0%
Jalen Suggs,ORL,REB,Rebounds,3.5,3.6,0.16666666666666666,6,0.3695833333333334,0.3695833333333334,0.3695833333333334,Active,0,0,-147,0.5951417004048583,-0.22555836707152488,37.0%
Deandre Ayton,LAL,REB,Rebounds,8.5,7.5,0.42857142857142855,7,0.3682142857142857,0.3682142857142857,0.3682142857142857,Active,0,0,-133,0.5708154506437768,-0.2026011649294911,36.8%
Toumani Camara,POR,REB,Rebounds,5.5,5.0,0.2857142857142857,7,0.35625,0.35625,0.35625,Active,0,0,120,0.4545454545454545,-0.09829545454545446,35.6%
Pelle Larsson,MIA,REB,Rebounds,3.5,2.4,0.375,8,0.33875,0.33875,0.33875,Active,0,0,108,0.4807692307692308,-0.1420192307692308,33.9%
John Collins,LAC,REB,Rebounds,5.5,5.0,0.25,8,0.33125000000000004,0.33125000000000004,0.33125000000000004,Active,0,0,-107,0.5169082125603864,-0.1856582125603864,33.1%
Luka Doncic,,REB,Rebounds,8.5,0.0,0.5,6,0.32083333333333336,0.32083333333333336,0.32083333333333336,,0,0,-109,0.5215311004784688,-0.20069776714513549,32.1%
Jalen Duren,DET,REB,Rebounds,13.5,12.0,0.42857142857142855,7,0.34017857142857144,0.34017857142857144,0.28915178571428574,Questionable,0,1,-103,0.5073891625615764,-0.21823737684729066,28.9%
Bobby Portis,MIL,REB,Rebounds,6.5,5.6,0.25,8,0.28125,0.28125,0.28125,Active,0,0,112,0.4716981132075472,-0.19044811320754718,28.1%
Naz Reid,MIN,REB,Rebounds,5.5,5.0,0.14285714285714285,7,0.2673214285714286,0.2673214285714286,0.2673214285714286,Active,0,0,110,0.4761904761904761,-0.2088690476190475,26.7%
Tristan da Silva,ORL,REB,Rebounds,4.5,3.3,0.25,8,0.24937499999999999,0.24937499999999999,0.24937499999999999,Active,0,0,110,0.4761904761904761,-0.22681547619047612,24.9%
Josh Hart,NYK,REB,Rebounds,7.5,6.2,0.25,8,0.23625000000000007,0.23625000000000007,0.23625000000000007,Active,0,0,108,0.4807692307692308,-0.2445192307692307,23.6%
Jonathan Isaac,ORL,REB,Rebounds,4.5,2.4,0.375,8,0.22625,0.22625,0.22625,Active,0,0,-126,0.5575221238938053,-0.3312721238938053,22.6%
Moussa Diabate,,REB,Rebounds,9.5,0.0,0.375,8,0.22625,0.22625,0.22625,,0,0,-117,0.5391705069124424,-0.3129205069124424,22.6%
Anthony Edwards,MIN,REB,Rebounds,5.5,4.1,0.25,4,0.22499999999999998,0.22499999999999998,0.22499999999999998,Active,0,0,116,0.4629629629629629,-0.23796296296296293,22.5%
Moses Moody,GSW,REB,Rebounds,3.5,2.6,0.125,8,0.22375,0.22375,0.22375,Active,0,0,114,0.4672897196261682,-0.24353971962616822,22.4%
Nikola Jovic,,REB,Rebounds,4.5,0.0,0.25,8,0.1875,0.1875,0.1875,,0,0,-142,0.5867768595041323,-0.3992768595041323,18.8%
Egor Demin,,REB,Rebounds,3.5,0.0,0.2857142857142857,7,0.18035714285714285,0.18035714285714285,0.18035714285714285,,0,0,-123,0.5515695067264574,-0.37121236386931455,18.0%
Andre Drummond,PHI,REB,Rebounds,12.5,8.6,0.2857142857142857,7,0.17714285714285716,0.17714285714285716,0.17714285714285716,Active,0,0,-101,0.5024875621890548,-0.3253447050461976,17.7%
Javonte Green,DET,REB,Rebounds,5.5,3.4,0.125,8,0.08875000000000001,0.08875000000000001,0.08875000000000001,Active,0,0,118,0.4587155963302752,-0.3699655963302752,8.9%
Wendell Carter Jr,,REB,Rebounds,8.5,0.0,,0,,,,,0,0,-131,0.5670995670995671,,~0%
Nicolas Claxton,,REB,Rebounds,7.5,0.0,,0,,,,,0,0,100,0.5,,~0%
Michael Porter Jr,,REB,Rebounds,5.5,0.0,,0,,,,,0,0,-147,0.5951417004048583,,~0%
Jaime Jaquez Jr,,REB,Rebounds,6.5,0.0,,0,,,,,0,0,-107,0.5169082125603864,,~0%
Kelly Oubre Jr,,REB,Rebounds,5.5,0.0,,0,,,,,0,0,-112,0.5283018867924528,,~0%
A.J. Green,,REB,Rebounds,2.5,0.0,,0,,,,,0,0,110,0.4761904761904761,,~0%
Gary Trent Jr,,REB,Rebounds,1.5,0.0,,0,,,,,0,0,-175,0.6363636363636364,,~0%
Jabari Smith Jr,,REB,Rebounds,6.5,0.0,,0,,,,,0,0,102,0.495049504950495,,~0%
Herb Jones,,REB,Rebounds,3.5,0.0,,0,,,,,0,0,-101,0.5024875621890548,,~0%
Dereck Lively II,DAL,REB,Rebounds,5.5,5.0,,0,,,,Active,0,0,-138,0.5798319327731093,,~0%
Derrick Jones,,REB,Rebounds,2.5,0.0,,0,,,,,0,0,-161,0.6168582375478927,,~0%
Jimmy Butler,,REB,Rebounds,5.5,0.0,,0,,,,,0,0,-121,0.5475113122171946,,~0%
Austin Reaves,LAL,STL,Steals,0.5,0.0,0.4,5,0.41250000000000003,0.41250000000000003,0.41250000000000003,Active,0,0,-227,0.6941896024464832,-0.28168960244648317,41.2%
Karl-Anthony Towns,NYK,STL,Steals,0.5,0.0,0.375,8,0.39875000000000005,0.39875000000000005,0.39875000000000005,Active,0,0,-212,0.6794871794871795,-0.28073717948717947,39.9%
DeMar DeRozan,SAC,STL,Steals,0.5,0.0,0.375,8,0.38125000000000003,0.38125000000000003,0.38125000000000003,Active,0,0,-153,0.6047430830039525,-0.2234930830039525,38.1%
Jaden McDaniels,MIN,STL,Steals,0.5,0.0,0.2857142857142857,7,0.34964285714285714,0.34964285714285714,0.34964285714285714,Active,0,0,-243,0.7084548104956269,-0.3588119533527697,35.0%
Kevin Durant,HOU,STL,Steals,0.5,0.0,0.2857142857142857,7,0.34464285714285714,0.34464285714285714,0.34464285714285714,Active,0,0,-238,0.7041420118343196,-0.35949915469146243,34.5%
Shaedon Sharpe,POR,STL,Steals,0.5,0.0,0.2857142857142857,7,0.34464285714285714,0.34464285714285714,0.34464285714285714,Active,0,0,-217,0.6845425867507886,-0.33989972960793147,34.5%
Miles Bridges,CHA,STL,Steals,0.5,0.0,0.25,8,0.30833333333333335,0.30833333333333335,0.30833333333333335,Active,0,0,-120,0.5454545454545454,-0.23712121212121207,30.8%
Dennis Schroder,,STL,Steals,0.5,0.0,0.25,8,0.3,0.3,0.3,,0,0,-166,0.6240601503759399,-0.3240601503759399,30.0%
Giannis Antetokounmpo,MIL,STL,Steals,0.5,0.0,0.2857142857142857,7,0.34464285714285714,0.34464285714285714,0.29294642857142855,Probable,0,1,-208,0.6753246753246753,-0.3823782467532468,29.3%
Domantas Sabonis,SAC,STL,Steals,0.5,0.0,0.2857142857142857,7,0.34464285714285714,0.34464285714285714,0.29294642857142855,Questionable,0,1,-192,0.6575342465753424,-0.3645878180039139,29.3%
Myles Turner,MIL,STL,Steals,1.5,0.0,0.375,8,0.28625,0.28625,0.28625,Active,0,0,173,0.3663003663003663,-0.08005036630036627,28.6%
Cooper Flagg,DAL,STL,Steals,1.5,0.0,0.375,8,0.28125,0.28125,0.28125,Active,0,0,110,0.4761904761904761,-0.1949404761904761,28.1%
Amen Thompson,HOU,STL,Steals,1.5,0.0,0.2857142857142857,7,0.23714285714285716,0.23714285714285716,0.23714285714285716,Active,0,0,-144,0.5901639344262295,-0.35302107728337234,23.7%
Marcus Smart,LAL,STL,Steals,1.5,0.0,0.2857142857142857,7,0.23714285714285716,0.23714285714285716,0.23714285714285716,Active,0,0,-131,0.5670995670995671,-0.32995670995670995,23.7%
Deni Avdija,POR,STL,Steals,0.5,0.0,0.14285714285714285,7,0.23273809523809522,0.23273809523809522,0.23273809523809522,Active,0,0,-185,0.6491228070175439,-0.4163847117794487,23.3%
Jerami Grant,POR,STL,Steals,0.5,0.0,0.14285714285714285,7,0.23273809523809522,0.23273809523809522,0.23273809523809522,Active,0,0,-181,0.6441281138790036,-0.4113900186409084,23.3%
Deandre Ayton,LAL,STL,Steals,0.5,0.0,0.14285714285714285,7,0.23273809523809522,0.23273809523809522,0.23273809523809522,Active,0,0,-131,0.5670995670995671,-0.3343614718614719,23.3%
Jrue Holiday,POR,STL,Steals,1.5,0.0,0.2857142857142857,7,0.23214285714285715,0.23214285714285715,0.23214285714285715,Active,0,0,118,0.4587155963302752,-0.22657273918741805,23.2%
Ivica Zubac,LAC,STL,Steals,0.5,0.0,0.125,8,0.23125,0.23125,0.23125,Active,0,0,123,0.4484304932735426,-0.2171804932735426,23.1%
Desmond Bane,ORL,STL,Steals,0.5,0.0,0.125,8,0.21875000000000003,0.21875000000000003,0.21875000000000003,Active,0,0,-196,0.6621621621621622,-0.44341216216216217,21.9%
Davion Mitchell,MIA,STL,Steals,1.5,0.0,0.25,8,0.21750000000000003,0.21750000000000003,0.21750000000000003,Active,0,0,131,0.4329004329004329,-0.21540043290043287,21.8%
Mikal Bridges,NYK,STL,Steals,1.5,0.0,0.25,8,0.21250000000000002,0.21250000000000002,0.21250000000000002,Active,0,0,127,0.4405286343612334,-0.22802863436123338,21.3%
Stephon Castle,SAS,STL,Steals,1.5,0.0,0.2857142857142857,7,0.20714285714285713,0.20714285714285713,0.20714285714285713,Active,0,0,102,0.495049504950495,-0.28790664780763786,20.7%
Ryan Rollins,MIL,STL,Steals,1.5,0.0,0.25,8,0.2,0.2,0.2,Active,0,0,-128,0.5614035087719298,-0.3614035087719298,20.0%
Franz Wagner,ORL,STL,Steals,1.5,0.0,0.25,8,0.17500000000000002,0.17500000000000002,0.17500000000000002,Active,0,0,154,0.3937007874015748,-0.2187007874015748,17.5%
Anthony Edwards,MIN,STL,Steals,1.5,0.0,0.25,4,0.1625,0.1625,0.1625,Active,0,0,177,0.3610108303249097,-0.1985108303249097,16.2%
Stephen Curry,GSW,STL,Steals,1.5,0.0,0.16666666666666666,6,0.14166666666666666,0.14166666666666666,0.14166666666666666,Active,0,0,147,0.4048582995951417,-0.26319163292847503,14.2%
Julius Randle,MIN,STL,Steals,1.5,0.0,0.14285714285714285,7,0.13690476190476192,0.13690476190476192,0.13690476190476192,Active,0,0,149,0.4016064257028112,-0.26470166379804927,13.7%
Jalen Suggs,ORL,STL,Steals,1.5,0.0,0.16666666666666666,6,0.13333333333333333,0.13333333333333333,0.13333333333333333,Active,0,0,106,0.4854368932038835,-0.3521035598705502,13.3%
OG Anunoby,NYK,STL,Steals,1.5,0.0,0.125,8,0.11041666666666666,0.11041666666666666,0.11041666666666666,Active,0,0,-125,0.5555555555555556,-0.4451388888888889,11.0%
Tyrese Maxey,PHI,STL,Steals,1.5,0.0,0.125,8,0.11041666666666666,0.11041666666666666,0.11041666666666666,Active,0,0,164,0.3787878787878788,-0.2683712121212121,11.0%
Trey Murphy III,NOP,STL,Steals,1.5,0.0,0.125,8,0.11041666666666666,0.11041666666666666,0.11041666666666666,Active,0,0,158,0.3875968992248062,-0.27718023255813956,11.0%
Toumani Camara,POR,STL,Steals,1.5,0.0,0.14285714285714285,7,0.10357142857142856,0.10357142857142856,0.10357142857142856,Active,0,0,125,0.4444444444444444,-0.3408730158730159,10.4%
Devin Vassell,SAS,STL,Steals,1.5,0.0,0.14285714285714285,7,0.10357142857142856,0.10357142857142856,0.10357142857142856,Active,0,0,156,0.390625,-0.28705357142857146,10.4%
Andrew Wiggins,MIA,STL,Steals,1.5,0.0,0.125,8,0.09375,0.09375,0.09375,Active,0,0,175,0.3636363636363636,-0.2698863636363636,9.4%
P.J. Washington,DAL,STL,Steals,1.5,0.0,0.0,8,0.025,0.025,0.02125,Questionable,0,1,163,0.3802281368821292,-0.3589781368821292,2.1%
Alperen Sengun,HOU,STL,Steals,1.5,0.0,0.0,7,0.020000000000000004,0.020000000000000004,0.020000000000000004,Active,0,0,150,0.4,-0.38,2.0%
James Harden,LAC,STL,Steals,1.5,0.0,0.0,7,0.020000000000000004,0.020000000000000004,0.020000000000000004,Active,0,0,163,0.3802281368821292,-0.3602281368821292,2.0%
Victor Wembanyama,SAS,STL,Steals,1.5,0.0,0.0,7,0.020000000000000004,0.020000000000000004,0.020000000000000004,Active,0,0,143,0.411522633744856,-0.39152263374485596,2.0%
De'Aaron Fox,SAS,STL,Steals,1.5,0.0,0.0,3,0.020000000000000004,0.020000000000000004,0.020000000000000004,Active,0,0,156,0.390625,-0.370625,2.0%
Draymond Green,GSW,STL,Steals,1.5,0.0,0.0,8,0.020000000000000004,0.020000000000000004,0.020000000000000004,Active,0,0,164,0.3787878787878788,-0.35878787878787877,2.0%
Nicolas Claxton,,STL,Steals,0.5,0.0,,0,,,,,0,0,-208,0.6753246753246753,,~0%
Michael Porter Jr,,STL,Steals,0.5,0.0,,0,,,,,0,0,-156,0.609375,,~0%
Kelly Oubre Jr,,STL,Steals,1.5,0.0,,0,,,,,0,0,150,0.4,,~0%
LaMelo Ball,CHA,STL,Steals,1.5,0.0,0.0,3,,,,Probable,0,1,131,0.4329004329004329,,~0%
Gary Trent Jr,,STL,Steals,1.5,0.0,,0,,,,,0,0,148,0.4032258064516129,,~0%
Herb Jones,,STL,Steals,1.5,0.0,,0,,,,,0,0,-105,0.5121951219512195,,~0%
Anthony Davis,DAL,STL,Steals,1.5,0.0,0.0,1,,,,Questionable,0,1,125,0.4444444444444444,,~0%
Jimmy Butler,,STL,Steals,1.5,0.0,,0,,,,,0,0,-117,0.5391705069124424,,~0%
