PLAYER,TEAM,MARKET,PROP_NAME,LINE,SEASON_VAL,RECENT_OVER_PROB,RECENT_N,BASE_PROB,ADJ_PROB_BEFORE_INJ,FINAL_OVER_PROB,INJ_Status,IS_OUT,IS_LIMITED,ODDS,IMPLIED_PROB,LINE_TO_SEASON_DIFF,LINE_TO_SEASON_DIFF_POS,DIFFICULTY_FACTOR,UNDERDOG_FACTOR,EDGE_MODEL,PRED_FINAL_OVER_PROB,PRED_IMPLIED_PROB,PRED_EDGE_MODEL,PRED_MODEL_BINARY,PRED_AIR_SCORE,FINAL_OVER_PROB_PCT,MKT_3PM,MKT_AST,MKT_PTS,MKT_REB,MKT_STL,AIR_SCORE,ML_PROB,BLEND_PROB,BLEND_PROB_PCT,ML_PROB_PCT
Duncan Robinson,DET,3PM,3-Pointers Made,2.5,3.1,0.875,8,0.92125,0.92125,0.92125,Active,0,0,-112,0.5283018867924528,-0.6000000000000001,0.0,1.0,1.0,0.3929481132075473,0.92125,0.5283018867924528,0.3929481132075473,1,0.92125,92.1%,True,False,False,False,False,0.0,5.737127788945772e-05,0.6448922113833668,64.5%,0.0%
Mikal Bridges,NYK,3PM,3-Pointers Made,1.5,2.4,0.75,8,0.9200000000000002,0.9200000000000002,0.9200000000000002,Active,0,0,-158,0.6124031007751938,-0.8999999999999999,0.0,1.0,1.0,0.3075968992248064,0.9200000000000002,0.6124031007751938,0.3075968992248064,1,0.9200000000000002,92.0%,True,False,False,False,False,0.0,5.737127788945772e-05,0.6440172113833669,64.4%,0.0%
Tristan da Silva,ORL,3PM,3-Pointers Made,1.5,2.1,0.75,8,0.8525,0.8525,0.8525,Active,0,0,-181,0.6441281138790036,-0.6000000000000001,0.0,1.0,1.0,0.2083718861209964,0.8525,0.6441281138790036,0.2083718861209964,1,0.8525,85.2%,True,False,False,False,False,0.0,0.00010803634293318461,0.59678241090288,59.7%,0.0%
Saddiq Bey,NOP,3PM,3-Pointers Made,1.5,1.9,0.75,8,0.8025,0.8025,0.8025,Active,0,0,-149,0.5983935742971888,-0.3999999999999999,0.0,1.0,1.0,0.2041064257028112,0.8025,0.5983935742971888,0.2041064257028112,1,0.8025,80.2%,True,False,False,False,False,0.0,7.75787261421435e-05,0.5617732736178426,56.2%,0.0%
Russell Westbrook,SAC,3PM,3-Pointers Made,1.5,2.1,0.625,8,0.7837500000000002,0.7837500000000002,0.7837500000000002,Active,0,0,-113,0.5305164319248826,-0.6000000000000001,0.0,1.0,1.0,0.2532335680751175,0.7837500000000002,0.5305164319248826,0.2532335680751175,1,0.7837500000000002,78.4%,True,False,False,False,False,0.0,7.75787261421435e-05,0.5486482736178426,54.9%,0.0%
Landry Shamet,NYK,3PM,3-Pointers Made,1.5,2.0,0.625,8,0.76125,0.76125,0.76125,Active,0,0,-135,0.574468085106383,-0.5,0.0,1.0,1.0,0.1867819148936169,0.76125,0.574468085106383,0.1867819148936169,1,0.76125,76.1%,True,False,False,False,False,0.0,8.141685419052873e-05,0.5328994250562571,53.3%,0.0%
Cedric Coward,MEM,3PM,3-Pointers Made,1.5,2.0,0.625,8,0.76125,0.76125,0.76125,Active,0,0,-185,0.6491228070175439,-0.5,0.0,1.0,1.0,0.1121271929824561,0.76125,0.6491228070175439,0.1121271929824561,1,0.76125,76.1%,True,False,False,False,False,0.0,8.141685419052873e-05,0.5328994250562571,53.3%,0.0%
Max Christie,DAL,3PM,3-Pointers Made,2.5,2.7,0.75,8,0.7387500000000001,0.7387500000000001,0.7387500000000001,Active,0,0,119,0.45662100456621,-0.2000000000000001,0.0,1.0,1.0,0.2821289954337901,0.7387500000000001,0.45662100456621,0.2821289954337901,1,0.7387500000000001,73.9%,True,False,False,False,False,0.0,7.065448790179166e-05,0.5171461963463706,51.7%,0.0%
Trey Murphy III,NOP,3PM,3-Pointers Made,2.5,2.9,0.625,8,0.73875,0.73875,0.73875,Active,0,0,-166,0.6240601503759399,-0.3999999999999999,0.0,1.0,1.0,0.1146898496240601,0.73875,0.6240601503759399,0.1146898496240601,1,0.73875,73.9%,True,False,False,False,False,0.0,7.065448790179166e-05,0.5171461963463705,51.7%,0.0%
Ayo Dosunmu,CHI,3PM,3-Pointers Made,1.5,1.9,0.625,8,0.7274999999999999,0.7274999999999999,0.7274999999999999,Active,0,0,-140,0.5833333333333334,-0.3999999999999999,0.0,1.0,1.0,0.1441666666666665,0.7274999999999999,0.5833333333333334,0.1441666666666665,1,0.7274999999999999,72.7%,True,False,False,False,False,0.0,6.976626962882726e-05,0.5092709298808885,50.9%,0.0%
Malik Monk,SAC,3PM,3-Pointers Made,1.5,1.9,0.625,8,0.70875,0.70875,0.70875,Active,0,0,-131,0.5670995670995671,-0.3999999999999999,0.0,1.0,1.0,0.1416504329004329,0.70875,0.5670995670995671,0.1416504329004329,1,0.70875,70.9%,True,False,False,False,False,0.0,8.00473761642167e-05,0.49614901421284924,49.6%,0.0%
Coby White,CHI,3PM,3-Pointers Made,2.5,4.0,1.0,2,0.7050000000000001,0.7050000000000001,0.7050000000000001,Active,0,0,-163,0.6197718631178707,-1.5,0.0,1.0,1.0,0.0852281368821293,0.7050000000000001,0.6197718631178707,0.0852281368821293,1,0.7050000000000001,70.5%,True,False,False,False,False,0.0,8.106643628106912e-05,0.4935243199308843,49.4%,0.0%
Miles McBride,NYK,3PM,3-Pointers Made,1.5,2.3,0.625,8,0.8287500000000001,0.8287500000000001,0.7044375,Questionable,0,1,-133,0.5708154506437768,-0.7999999999999998,0.0,1.0,1.0,0.1336220493562232,0.7044375,0.5708154506437768,0.1336220493562232,1,0.7044375,70.4%,True,False,False,False,False,0.0,8.106647611395273e-05,0.4931305699428342,49.3%,0.0%
Jalen Johnson,ATL,3PM,3-Pointers Made,1.5,1.3,0.75,8,0.6675,0.6675,0.6675,Active,0,0,123,0.4484304932735426,0.1999999999999999,0.1999999999999999,1.02,1.25,0.2190695067264573,0.6675,0.4484304932735426,0.2190695067264573,1,0.8510624999999999,66.8%,True,False,False,False,False,0.0,8.00473761642167e-05,0.4672740142128492,46.7%,0.0%
Cam Spencer,MEM,3PM,3-Pointers Made,1.5,1.9,0.5,8,0.6587500000000001,0.6587500000000001,0.6587500000000001,Active,0,0,-151,0.601593625498008,-0.3999999999999999,0.0,1.0,1.0,0.057156374501992,0.6587500000000001,0.601593625498008,0.057156374501992,1,0.6587500000000001,65.9%,True,False,False,False,False,0.0,8.00473761642167e-05,0.46114901421284926,46.1%,0.0%
Bilal Coulibaly,WAS,3PM,3-Pointers Made,0.5,1.0,0.4285714285714285,7,0.6482142857142856,0.6482142857142856,0.6482142857142856,Active,0,0,-238,0.7041420118343196,-0.5,0.0,1.0,1.0,-0.0559277261200339,0.6482142857142856,0.7041420118343196,-0.0559277261200339,1,0.6482142857142856,64.8%,True,False,False,False,False,0.0,6.254299114400483e-05,0.45376876289734314,45.4%,0.0%
Onyeka Okongwu,ATL,3PM,3-Pointers Made,1.5,1.9,0.625,8,0.73875,0.73875,0.6279375,Questionable,0,1,-103,0.5073891625615764,-0.3999999999999999,0.0,1.0,1.0,0.1205483374384236,0.6279375,0.5073891625615764,0.1205483374384236,1,0.6279375,62.8%,True,False,False,False,False,0.0,7.455914156237462e-05,0.4395786177424687,44.0%,0.0%
Kyle Kuzma,MIL,3PM,3-Pointers Made,0.5,0.9,0.625,8,0.73875,0.73875,0.6279375,Questionable,0,1,-232,0.6987951807228916,-0.4,0.0,1.0,1.0,-0.0708576807228915,0.6279375,0.6987951807228916,-0.0708576807228915,1,0.6279375,62.8%,True,False,False,False,False,0.0,6.124860755263687e-05,0.43957462458226576,44.0%,0.0%
Ryan Rollins,MIL,3PM,3-Pointers Made,2.5,2.4,0.625,8,0.6212500000000001,0.6212500000000001,0.6212500000000001,Active,0,0,-117,0.5391705069124424,0.1,0.1,1.01,1.0,0.0820794930875576,0.6212500000000001,0.5391705069124424,0.0820794930875576,1,0.6274625,62.1%,True,False,False,False,False,0.0,7.550837492162112e-05,0.4348976525124765,43.5%,0.0%
Myles Turner,MIL,3PM,3-Pointers Made,2.5,2.4,0.625,8,0.6212500000000001,0.6212500000000001,0.6212500000000001,Active,0,0,118,0.4587155963302752,0.1,0.1,1.01,1.0,0.1625344036697248,0.6212500000000001,0.4587155963302752,0.1625344036697248,1,0.6274625,62.1%,True,False,False,False,False,0.0,7.550837492162112e-05,0.4348976525124765,43.5%,0.0%
Jalen Brunson,NYK,3PM,3-Pointers Made,2.5,2.8,0.625,8,0.705,0.705,0.59925,Probable,0,1,106,0.4854368932038835,-0.2999999999999998,0.0,1.0,1.0,0.1138131067961164,0.59925,0.4854368932038835,0.1138131067961164,1,0.59925,59.9%,True,False,False,False,False,0.0,7.550837492162112e-05,0.4194976525124764,41.9%,0.0%
Karl-Anthony Towns,NYK,3PM,3-Pointers Made,1.5,1.9,0.375,8,0.59625,0.59625,0.59625,Active,0,0,-163,0.6197718631178707,-0.3999999999999999,0.0,1.0,1.0,-0.0235218631178707,0.59625,0.6197718631178707,-0.0235218631178707,1,0.59625,59.6%,True,False,False,False,False,0.0,7.455914156237462e-05,0.41739736774246866,41.7%,0.0%
Zach LaVine,SAC,3PM,3-Pointers Made,2.5,3.0,0.375,8,0.5937500000000001,0.5937500000000001,0.5937500000000001,Active,0,0,-136,0.576271186440678,-0.5,0.0,1.0,1.0,0.0174788135593221,0.5937500000000001,0.576271186440678,0.0174788135593221,1,0.5937500000000001,59.4%,True,False,False,False,False,0.0,7.550837492162112e-05,0.41564765251247654,41.6%,0.0%
Tre Johnson,WAS,3PM,3-Pointers Made,1.5,2.0,0.5,8,0.68125,0.68125,0.5790625,Questionable,0,1,-107,0.5169082125603864,-0.5,0.0,1.0,1.0,0.0621542874396136,0.5790625,0.5169082125603864,0.0621542874396136,1,0.5790625,57.9%,True,False,False,False,False,0.0,6.443796748345796e-05,0.405363081390245,40.5%,0.0%
Franz Wagner,ORL,3PM,3-Pointers Made,1.5,1.6,0.5,8,0.5725000000000001,0.5725000000000001,0.5725000000000001,Active,0,0,-158,0.6124031007751938,-0.1,0.0,1.0,1.0,-0.0399031007751936,0.5725000000000001,0.6124031007751938,-0.0399031007751936,1,0.5725000000000001,57.3%,True,False,False,False,False,0.0,6.443796748345796e-05,0.40076933139024506,40.1%,0.0%
Zaccharie Risacher,ATL,3PM,3-Pointers Made,1.5,1.5,0.5,8,0.5625,0.5625,0.5625,Active,0,0,-129,0.5633187772925764,0.0,0.0,1.0,1.0,-0.0008187772925764,0.5625,0.5633187772925764,-0.0008187772925764,1,0.5625,56.2%,True,False,False,False,False,0.0,6.443796748345796e-05,0.393769331390245,39.4%,0.0%
Luke Kennard,ATL,3PM,3-Pointers Made,1.5,1.5,0.5,8,0.5625,0.5625,0.5625,Active,0,0,-104,0.5098039215686274,0.0,0.0,1.0,1.0,0.0526960784313725,0.5625,0.5098039215686274,0.0526960784313725,1,0.5625,56.2%,True,False,False,False,False,0.0,6.443796748345796e-05,0.393769331390245,39.4%,0.0%
Jamal Murray,DEN,3PM,3-Pointers Made,2.5,2.5,0.5,8,0.5625,0.5625,0.5625,Active,0,0,-126,0.5575221238938053,0.0,0.0,1.0,1.0,0.0049778761061947,0.5625,0.5575221238938053,0.0049778761061947,1,0.5625,56.2%,True,False,False,False,False,0.0,6.525835374411746e-05,0.39376957750612324,39.4%,0.0%
Matas Buzelis,CHI,3PM,3-Pointers Made,1.5,1.7,0.625,8,0.6575,0.6575,0.558875,Questionable,0,1,-116,0.5370370370370371,-0.1999999999999999,0.0,1.0,1.0,0.0218379629629629,0.558875,0.5370370370370371,0.0218379629629629,1,0.558875,55.9%,True,False,False,False,False,0.0,6.443796748345796e-05,0.391231831390245,39.1%,0.0%
Josh Giddey,CHI,3PM,3-Pointers Made,1.5,1.5,0.5,8,0.5375,0.5375,0.5375,Active,0,0,-114,0.5327102803738317,0.0,0.0,1.0,1.0,0.0047897196261682,0.5375,0.5327102803738317,0.0047897196261682,1,0.5375,53.8%,True,False,False,False,False,0.0,6.443796748345796e-05,0.376269331390245,37.6%,0.0%
Nickeil Alexander-Walker,ATL,3PM,3-Pointers Made,2.5,2.3,0.5,8,0.505,0.505,0.505,Active,0,0,-102,0.504950495049505,0.2000000000000001,0.2000000000000001,1.02,1.0,4.950495049504955e-05,0.505,0.504950495049505,4.950495049504955e-05,1,0.5151,50.5%,True,False,False,False,False,0.0,6.449267915439772e-05,0.3535193478037463,35.4%,0.0%
P.J. Washington,DAL,3PM,3-Pointers Made,1.5,1.5,0.375,8,0.5,0.5,0.5,Active,0,0,-136,0.576271186440678,0.0,0.0,1.0,1.0,-0.0762711864406779,0.5,0.576271186440678,-0.0762711864406779,1,0.5,50.0%,True,False,False,False,False,0.0,6.368191785166582e-05,0.35001910457535546,35.0%,0.0%
Jeremiah Fears,NOP,3PM,3-Pointers Made,1.5,1.3,0.5,8,0.4987500000000001,0.4987500000000001,0.4987500000000001,Active,0,0,133,0.4291845493562232,0.1999999999999999,0.1999999999999999,1.02,1.25,0.0695654506437769,0.4987500000000001,0.4291845493562232,0.0695654506437769,0,0.6359062500000001,49.9%,True,False,False,False,False,0.0,6.368191785166582e-05,0.3491441045753555,34.9%,0.0%
Kentavious Caldwell-Pope,MEM,3PM,3-Pointers Made,0.5,0.9,0.25,8,0.49625,0.49625,0.49625,Active,0,0,-232,0.6987951807228916,-0.4,0.0,1.0,1.0,-0.2025451807228915,0.49625,0.6987951807228916,-0.2025451807228915,0,0.49625,49.6%,True,False,False,False,False,0.0,5.2934609326322165e-05,0.34739088038279786,34.7%,0.0%
Kyshawn George,WAS,3PM,3-Pointers Made,2.5,2.6,0.375,8,0.4912500000000001,0.4912500000000001,0.4912500000000001,Active,0,0,117,0.4608294930875576,-0.1,0.0,1.0,1.0,0.0304205069124424,0.4912500000000001,0.4608294930875576,0.0304205069124424,0,0.4912500000000001,49.1%,True,False,False,False,False,0.0,6.449267915439772e-05,0.34389434780374634,34.4%,0.0%
Jaylen Wells,MEM,3PM,3-Pointers Made,1.5,1.5,0.375,8,0.4875,0.4875,0.4875,Active,0,0,-117,0.5391705069124424,0.0,0.0,1.0,1.0,-0.0516705069124423,0.4875,0.5391705069124424,-0.0516705069124423,0,0.4875,48.8%,True,False,False,False,False,0.0,6.368191785166582e-05,0.3412691045753555,34.1%,0.0%
Jordan Clarkson,NYK,3PM,3-Pointers Made,1.5,1.4,0.375,8,0.4525,0.4525,0.4525,Active,0,0,150,0.4,0.1,0.1,1.01,1.25,0.0524999999999999,0.4525,0.4,0.0524999999999999,0,0.57128125,45.2%,True,False,False,False,False,0.0,6.368191785166582e-05,0.31676910457535545,31.7%,0.0%
Jose Alvarado,NOP,3PM,3-Pointers Made,1.5,1.4,0.375,8,0.44625,0.44625,0.44625,Active,0,0,133,0.4291845493562232,0.1,0.1,1.01,1.25,0.0170654506437768,0.44625,0.4291845493562232,0.0170654506437768,0,0.563390625,44.6%,True,False,False,False,False,0.0,6.368191785166582e-05,0.31239410457535544,31.2%,0.0%
Bobby Portis,MIL,3PM,3-Pointers Made,1.5,1.3,0.375,8,0.43,0.43,0.43,Active,0,0,100,0.5,0.1999999999999999,0.1999999999999999,1.02,1.0,-0.0699999999999999,0.43,0.5,-0.0699999999999999,0,0.4386,43.0%,True,False,False,False,False,0.0,6.118264609307693e-05,0.30101835479382794,30.1%,0.0%
Nikola Jokic,,3PM,3-Pointers Made,1.5,0.0,0.625,8,0.42375,0.42375,0.42375,,0,0,-178,0.6402877697841727,1.5,1.5,1.15,1.0,-0.2165377697841726,0.42375,0.6402877697841727,-0.2165377697841726,0,0.4873125,42.4%,True,False,False,False,False,0.0,5.460452364961921e-05,0.29664138135709484,29.7%,0.0%
Nikola Vucevic,,3PM,3-Pointers Made,1.5,0.0,0.625,8,0.4125,0.4125,0.4125,,0,0,-147,0.5951417004048583,1.5,1.5,1.15,1.0,-0.1826417004048582,0.4125,0.5951417004048583,-0.1826417004048582,0,0.4743749999999999,41.2%,True,False,False,False,False,0.0,5.460452364961921e-05,0.2887663813570948,28.9%,0.0%
Kevin Huerter,CHI,3PM,3-Pointers Made,1.5,1.5,0.375,8,0.48125,0.48125,0.4090625,Questionable,0,1,-178,0.6402877697841727,0.0,0.0,1.0,1.0,-0.2312252697841726,0.4090625,0.6402877697841727,-0.2312252697841726,0,0.4090625,40.9%,True,False,False,False,False,0.0,6.118264609307693e-05,0.2863621047938279,28.6%,0.0%
Vit Krejci,,3PM,3-Pointers Made,2.5,0.0,0.5,8,0.35,0.35,0.35,,0,0,124,0.4464285714285714,2.5,2.5,1.25,1.25,-0.0964285714285713,0.35,0.4464285714285714,-0.0964285714285713,0,0.5468750000000001,35.0%,True,False,False,False,False,0.0,5.3190356179480824e-05,0.2450159571068538,24.5%,0.0%
Tobias Harris,DET,3PM,3-Pointers Made,1.5,1.3,0.0,2,0.38,0.38,0.323,Questionable,0,1,127,0.4405286343612334,0.1999999999999999,0.1999999999999999,1.02,1.25,-0.1175286343612334,0.323,0.4405286343612334,-0.1175286343612334,0,0.411825,32.3%,True,False,False,False,False,0.0,5.503557364685438e-05,0.22611651067209404,22.6%,0.0%
Dennis Schroder,,3PM,3-Pointers Made,1.5,0.0,0.5,8,0.31875,0.31875,0.31875,,0,0,102,0.495049504950495,1.5,1.5,1.15,1.0,-0.1762995049504949,0.31875,0.495049504950495,-0.1762995049504949,0,0.3665625,31.9%,True,False,False,False,False,0.0,5.1345889488178944e-05,0.2231404037668464,22.3%,0.0%
Keegan Murray,SAC,3PM,3-Pointers Made,1.5,1.0,0.0,1,0.3125,0.3125,0.3125,Active,0,0,-178,0.6402877697841727,0.5,0.5,1.05,1.0,-0.3277877697841727,0.3125,0.6402877697841727,-0.3277877697841727,0,0.328125,31.2%,True,False,False,False,False,0.0,5.50364068290313e-05,0.2187665109220487,21.9%,0.0%
Cameron Johnson,DEN,3PM,3-Pointers Made,1.5,1.1,0.25,8,0.3037500000000001,0.3037500000000001,0.3037500000000001,Active,0,0,-156,0.609375,0.3999999999999999,0.3999999999999999,1.04,1.0,-0.3056249999999999,0.3037500000000001,0.609375,-0.3056249999999999,0,0.3159,30.4%,True,False,False,False,False,0.0,5.50364068290313e-05,0.21264151092204875,21.3%,0.0%
Alex Sarr,WAS,3PM,3-Pointers Made,1.5,1.1,0.25,8,0.2975000000000001,0.2975000000000001,0.2975000000000001,Active,0,0,145,0.4081632653061224,0.3999999999999999,0.3999999999999999,1.04,1.25,-0.1106632653061223,0.2975000000000001,0.4081632653061224,-0.1106632653061223,0,0.3867500000000001,29.8%,True,False,False,False,False,0.0,5.50364068290313e-05,0.20826651092204876,20.8%,0.0%
Cooper Flagg,DAL,3PM,3-Pointers Made,1.5,1.1,0.25,8,0.2975000000000001,0.2975000000000001,0.2975000000000001,Active,0,0,134,0.4273504273504273,0.3999999999999999,0.3999999999999999,1.04,1.25,-0.1298504273504271,0.2975000000000001,0.4273504273504273,-0.1298504273504271,0,0.3867500000000001,29.8%,True,False,False,False,False,0.0,5.50364068290313e-05,0.20826651092204876,20.8%,0.0%
Desmond Bane,ORL,3PM,3-Pointers Made,2.5,1.6,0.375,8,0.25375,0.25375,0.25375,Active,0,0,116,0.4629629629629629,0.8999999999999999,0.8999999999999999,1.09,1.0,-0.2092129629629628,0.25375,0.4629629629629629,-0.2092129629629628,0,0.2765875,25.4%,True,False,False,False,False,0.0,5.503557364685438e-05,0.17764151067209402,17.8%,0.0%
Jalen Suggs,ORL,3PM,3-Pointers Made,2.5,1.9,0.25,8,0.2525,0.2525,0.2525,Active,0,0,127,0.4405286343612334,0.6000000000000001,0.6000000000000001,1.06,1.25,-0.1880286343612334,0.2525,0.4405286343612334,-0.1880286343612334,0,0.3345625,25.2%,True,False,False,False,False,0.0,5.503557364685438e-05,0.17676651067209403,17.7%,0.0%
Kristaps Porzingis,,3PM,3-Pointers Made,1.5,0.0,0.375,8,0.2375,0.2375,0.2375,,0,0,-175,0.6363636363636364,1.5,1.5,1.15,1.0,-0.3988636363636363,0.2375,0.6363636363636364,-0.3988636363636363,0,0.273125,23.8%,True,False,False,False,False,0.0,5.1345889488178944e-05,0.16626540376684643,16.6%,0.0%
Cade Cunningham,DET,3PM,3-Pointers Made,2.5,1.8,0.25,8,0.225,0.225,0.225,Active,0,0,137,0.4219409282700422,0.7,0.7,1.07,1.25,-0.1969409282700421,0.225,0.4219409282700422,-0.1969409282700421,0,0.3009375000000001,22.5%,True,False,False,False,False,0.0,5.4537750985141786e-05,0.15751636132529553,15.8%,0.0%
Santi Aldama,MEM,3PM,3-Pointers Made,2.5,1.6,0.25,8,0.18,0.18,0.18,Active,0,0,135,0.425531914893617,0.8999999999999999,0.8999999999999999,1.09,1.25,-0.2455319148936169,0.18,0.425531914893617,-0.2455319148936169,0,0.24525,18.0%,True,False,False,False,False,0.0,6.123694917038616e-05,0.1260183710847511,12.6%,0.0%
Cam Whitmore,WAS,3PM,3-Pointers Made,1.5,0.9,0.125,8,0.17875,0.17875,0.17875,Active,0,0,169,0.3717472118959107,0.6,0.6,1.06,1.25,-0.1929972118959106,0.17875,0.3717472118959107,-0.1929972118959106,0,0.23684375,17.9%,True,False,False,False,False,0.0,6.123855869061393e-05,0.12514337156760716,12.5%,0.0%
Brandon Williams,DAL,3PM,3-Pointers Made,1.5,0.5,0.0,8,0.02,0.02,0.02,Active,0,0,154,0.3937007874015748,1.0,1.0,1.1,1.25,-0.3737007874015748,0.02,0.3937007874015748,-0.3737007874015748,0,0.0275,2.0%,True,False,False,False,False,0.0,6.124456151777532e-05,0.014018373368455331,1.4%,0.0%
Herb Jones,,3PM,3-Pointers Made,1.5,0.0,,0,,,0.0,,0,0,140,0.4166666666666667,1.5,1.5,1.15,1.25,0.0,0.0,0.4166666666666667,0.0,0,0.0,~0%,True,False,False,False,False,0.0,5.082708532658576e-05,1.524812559797573e-05,0.0%,0.0%
C.J. McCollum,,3PM,3-Pointers Made,2.5,0.0,,0,,,0.0,,0,0,104,0.4901960784313725,2.5,2.5,1.25,1.0,0.0,0.0,0.4901960784313725,0.0,0,0.0,~0%,True,False,False,False,False,0.0,5.082708532658576e-05,1.524812559797573e-05,0.0%,0.0%
A.J. Green,,3PM,3-Pointers Made,2.5,0.0,,0,,,0.0,,0,0,-107,0.5169082125603864,2.5,2.5,1.25,1.0,0.0,0.0,0.5169082125603864,0.0,0,0.0,~0%,True,False,False,False,False,0.0,5.082708532658576e-05,1.524812559797573e-05,0.0%,0.0%
Gary Trent Jr,,3PM,3-Pointers Made,2.5,0.0,,0,,,0.0,,0,0,-105,0.5121951219512195,2.5,2.5,1.25,1.0,0.0,0.0,0.5121951219512195,0.0,0,0.0,~0%,True,False,False,False,False,0.0,5.082708532658576e-05,1.524812559797573e-05,0.0%,0.0%
Jaden Ivey,,3PM,3-Pointers Made,1.5,0.0,,0,,,0.0,,0,0,129,0.4366812227074236,1.5,1.5,1.15,1.25,0.0,0.0,0.4366812227074236,0.0,0,0.0,~0%,True,False,False,False,False,0.0,5.082708532658576e-05,1.524812559797573e-05,0.0%,0.0%
Vincent Williams Jr,,3PM,3-Pointers Made,1.5,0.0,,0,,,0.0,,0,0,-140,0.5833333333333334,1.5,1.5,1.15,1.0,0.0,0.0,0.5833333333333334,0.0,0,0.0,~0%,True,False,False,False,False,0.0,5.082708532658576e-05,1.524812559797573e-05,0.0%,0.0%
Tim Hardaway Jr,,3PM,3-Pointers Made,1.5,0.0,,0,,,0.0,,0,0,-175,0.6363636363636364,1.5,1.5,1.15,1.0,0.0,0.0,0.6363636363636364,0.0,0,0.0,~0%,True,False,False,False,False,0.0,5.082708532658576e-05,1.524812559797573e-05,0.0%,0.0%
Mikal Bridges,NYK,AST,Assists,3.5,4.9,0.875,8,0.9387500000000002,0.9387500000000002,0.9387500000000002,Active,0,0,-161,0.6168582375478927,-1.4000000000000004,0.0,1.0,1.0,0.3218917624521075,0.9387500000000002,0.6168582375478927,0.3218917624521075,1,0.9387500000000002,93.9%,False,True,False,False,False,0.0,5.962536491073905e-05,0.6571428876094733,65.7%,0.0%
Cade Cunningham,DET,AST,Assists,9.5,9.9,0.875,8,0.8312500000000003,0.8312500000000003,0.8312500000000003,Active,0,0,100,0.5,-0.4000000000000003,0.0,1.0,1.0,0.3312500000000002,0.8312500000000003,0.5,0.3312500000000002,1,0.8312500000000003,83.1%,False,True,False,False,False,0.0,7.68984925965193e-05,0.5818980695477791,58.2%,0.0%
Karl-Anthony Towns,NYK,AST,Assists,2.5,3.4,0.75,8,0.8187500000000001,0.8187500000000001,0.8187500000000001,Active,0,0,-153,0.6047430830039525,-0.8999999999999999,0.0,1.0,1.0,0.2140069169960475,0.8187500000000001,0.6047430830039525,0.2140069169960475,1,0.8187500000000001,81.9%,False,True,False,False,False,0.0,7.856636105513455e-05,0.5731485699083165,57.3%,0.0%
Onyeka Okongwu,ATL,AST,Assists,1.5,2.7,0.875,8,0.92125,0.92125,0.7830625000000001,Questionable,0,1,-185,0.6491228070175439,-1.2000000000000002,0.0,1.0,1.0,0.1339396929824562,0.7830625000000001,0.6491228070175439,0.1339396929824562,1,0.7830625000000001,78.3%,False,True,False,False,False,0.0,7.856639965967529e-05,0.548167319919898,54.8%,0.0%
Bilal Coulibaly,WAS,AST,Assists,2.5,3.3,0.7142857142857143,7,0.7775000000000001,0.7775000000000001,0.7775000000000001,Active,0,0,-163,0.6197718631178707,-0.7999999999999998,0.0,1.0,1.0,0.1577281368821294,0.7775000000000001,0.6197718631178707,0.1577281368821294,1,0.7775000000000001,77.8%,False,True,False,False,False,0.0,7.856636105513455e-05,0.5442735699083165,54.4%,0.0%
Dyson Daniels,ATL,AST,Assists,5.5,5.8,0.75,8,0.75125,0.75125,0.75125,Active,0,0,-131,0.5670995670995671,-0.2999999999999998,0.0,1.0,1.0,0.1841504329004328,0.75125,0.5670995670995671,0.1841504329004328,1,0.75125,75.1%,False,True,False,False,False,0.0,8.569273240713828e-05,0.5259007078197221,52.6%,0.0%
Kentavious Caldwell-Pope,MEM,AST,Assists,2.5,3.3,0.625,8,0.715,0.715,0.715,Active,0,0,-128,0.5614035087719298,-0.7999999999999998,0.0,1.0,1.0,0.1535964912280701,0.715,0.5614035087719298,0.1535964912280701,1,0.715,71.5%,False,True,False,False,False,0.0,8.106643628106912e-05,0.5005243199308843,50.1%,0.0%
Desmond Bane,ORL,AST,Assists,4.5,4.5,0.75,8,0.7125000000000001,0.7125000000000001,0.7125000000000001,Active,0,0,-147,0.5951417004048583,0.0,0.0,1.0,1.0,0.1173582995951418,0.7125000000000001,0.5951417004048583,0.1173582995951418,1,0.7125000000000001,71.3%,False,True,False,False,False,0.0,8.10660061291699e-05,0.49877431980183884,49.9%,0.0%
Coby White,CHI,AST,Assists,4.5,7.5,1.0,2,0.7050000000000001,0.7050000000000001,0.7050000000000001,Active,0,0,-123,0.5515695067264574,-3.0,0.0,1.0,1.0,0.1534304932735426,0.7050000000000001,0.5515695067264574,0.1534304932735426,1,0.7050000000000001,70.5%,False,True,False,False,False,0.0,0.00010607355517579283,0.4935318220665527,49.4%,0.0%
Josh Hart,NYK,AST,Assists,4.5,4.7,0.625,8,0.669375,0.669375,0.669375,Active,0,0,114,0.4672897196261682,-0.2000000000000001,0.0,1.0,1.0,0.2020852803738318,0.669375,0.4672897196261682,0.2020852803738318,1,0.669375,66.9%,False,True,False,False,False,0.0,8.10660061291699e-05,0.46858681980183875,46.9%,0.0%
Ausar Thompson,DET,AST,Assists,2.5,3.1,0.5714285714285714,7,0.6657142857142857,0.6657142857142857,0.6657142857142857,Active,0,0,112,0.4716981132075472,-0.6000000000000001,0.0,1.0,1.0,0.1940161725067385,0.6657142857142857,0.4716981132075472,0.1940161725067385,1,0.6657142857142857,66.6%,False,True,False,False,False,0.0,8.106647611395273e-05,0.46602431994283416,46.6%,0.0%
Jose Alvarado,NOP,AST,Assists,2.5,2.7,0.625,8,0.66,0.66,0.66,Active,0,0,-169,0.6282527881040892,-0.2000000000000001,0.0,1.0,1.0,0.0317472118959107,0.66,0.6282527881040892,0.0317472118959107,1,0.66,66.0%,False,True,False,False,False,0.0,8.106647611395273e-05,0.46202431994283416,46.2%,0.0%
Josh Giddey,CHI,AST,Assists,9.5,9.6,0.625,8,0.658125,0.658125,0.658125,Active,0,0,106,0.4854368932038835,-0.0999999999999996,0.0,1.0,1.0,0.1726881067961164,0.658125,0.4854368932038835,0.1726881067961164,1,0.658125,65.8%,False,True,False,False,False,0.0,7.934549847220116e-05,0.4607113036495416,46.1%,0.0%
Nickeil Alexander-Walker,ATL,AST,Assists,3.5,3.6,0.625,8,0.639375,0.639375,0.639375,Active,0,0,-156,0.609375,-0.1,0.0,1.0,1.0,0.03,0.639375,0.609375,0.03,1,0.639375,63.9%,False,True,False,False,False,0.0,7.550833781956397e-05,0.44758515250134584,44.8%,0.0%
Jamal Murray,DEN,AST,Assists,6.5,6.5,0.625,8,0.634375,0.634375,0.634375,Active,0,0,-107,0.5169082125603864,0.0,0.0,1.0,1.0,0.1174667874396135,0.634375,0.5169082125603864,0.1174667874396135,1,0.634375,63.4%,False,True,False,False,False,0.0,7.973001080253118e-05,0.44408641900324075,44.4%,0.0%
Cooper Flagg,DAL,AST,Assists,3.5,3.3,0.625,8,0.6025,0.6025,0.6025,Active,0,0,-109,0.5215311004784688,0.2000000000000001,0.2000000000000001,1.02,1.0,0.0809688995215311,0.6025,0.5215311004784688,0.0809688995215311,1,0.61455,60.2%,False,True,False,False,False,0.0,7.550833781956397e-05,0.4217726525013459,42.2%,0.0%
Kyshawn George,WAS,AST,Assists,4.5,4.7,0.5,8,0.581875,0.581875,0.581875,Active,0,0,-106,0.5145631067961165,-0.2000000000000001,0.0,1.0,1.0,0.0673118932038835,0.581875,0.5145631067961165,0.0673118932038835,1,0.581875,58.2%,False,True,False,False,False,0.0,6.525797540131078e-05,0.4073320773926204,40.7%,0.0%
Jaylen Wells,MEM,AST,Assists,1.5,1.6,0.5,8,0.56125,0.56125,0.56125,Active,0,0,-138,0.5798319327731093,-0.1,0.0,1.0,1.0,-0.0185819327731092,0.56125,0.5798319327731093,-0.0185819327731092,1,0.56125,56.1%,False,True,False,False,False,0.0,6.443796748345796e-05,0.392894331390245,39.3%,0.0%
Alex Sarr,WAS,AST,Assists,3.5,3.6,0.5,8,0.558125,0.558125,0.558125,Active,0,0,114,0.4672897196261682,-0.1,0.0,1.0,1.0,0.0908352803738317,0.558125,0.4672897196261682,0.0908352803738317,1,0.558125,55.8%,False,True,False,False,False,0.0,6.52583216782176e-05,0.3907070774965034,39.1%,0.0%
Anthony Black,ORL,AST,Assists,2.5,2.5,0.5,8,0.553125,0.553125,0.553125,Active,0,0,-158,0.6124031007751938,0.0,0.0,1.0,1.0,-0.0592781007751938,0.553125,0.6124031007751938,-0.0592781007751938,1,0.553125,55.3%,False,True,False,False,False,0.0,6.525835374411746e-05,0.3872070775061232,38.7%,0.0%
Cedric Coward,MEM,AST,Assists,3.5,2.9,0.625,8,0.548125,0.548125,0.548125,Active,0,0,125,0.4444444444444444,0.6000000000000001,0.6000000000000001,1.06,1.25,0.1036805555555555,0.548125,0.4444444444444444,0.1036805555555555,1,0.726265625,54.8%,False,True,False,False,False,0.0,6.525835374411746e-05,0.3837070775061232,38.4%,0.0%
Russell Westbrook,SAC,AST,Assists,6.5,6.3,0.5,8,0.536875,0.536875,0.536875,Active,0,0,-107,0.5169082125603864,0.2000000000000001,0.2000000000000001,1.02,1.0,0.0199667874396135,0.536875,0.5169082125603864,0.0199667874396135,1,0.5476125,53.7%,False,True,False,False,False,0.0,6.690550867013798e-05,0.37583257165260103,37.6%,0.0%
Jalen Brunson,NYK,AST,Assists,6.5,6.4,0.625,8,0.6231250000000002,0.6231250000000002,0.5296562500000002,Probable,0,1,-117,0.5391705069124424,0.0999999999999996,0.0999999999999996,1.01,1.0,-0.0095142569124422,0.5296562500000002,0.5391705069124424,-0.0095142569124422,1,0.5349528125000002,53.0%,False,True,False,False,False,0.0,6.690550867013798e-05,0.37077944665260115,37.1%,0.0%
Cole Anthony,MIL,AST,Assists,5.5,5.3,0.5,8,0.5275000000000001,0.5275000000000001,0.5275000000000001,Active,0,0,114,0.4672897196261682,0.2000000000000001,0.2000000000000001,1.02,1.0,0.0602102803738318,0.5275000000000001,0.4672897196261682,0.0602102803738318,1,0.5380500000000001,52.8%,False,True,False,False,False,0.0,6.782220319845579e-05,0.36927034666095954,36.9%,0.0%
Zach LaVine,SAC,AST,Assists,2.5,2.2,0.5,8,0.519375,0.519375,0.519375,Active,0,0,-101,0.5024875621890548,0.2999999999999998,0.2999999999999998,1.03,1.0,0.0168874378109452,0.519375,0.5024875621890548,0.0168874378109452,1,0.53495625,51.9%,False,True,False,False,False,0.0,6.368191785166582e-05,0.3635816045753555,36.4%,0.0%
Ayo Dosunmu,CHI,AST,Assists,3.5,3.2,0.5,8,0.51,0.51,0.51,Active,0,0,-125,0.5555555555555556,0.2999999999999998,0.2999999999999998,1.03,1.0,-0.0455555555555555,0.51,0.5555555555555556,-0.0455555555555555,1,0.5253,51.0%,False,True,False,False,False,0.0,6.449301579325347e-05,0.35701934790473794,35.7%,0.0%
Cameron Johnson,DEN,AST,Assists,2.5,2.1,0.5,8,0.5050000000000001,0.5050000000000001,0.5050000000000001,Active,0,0,-113,0.5305164319248826,0.3999999999999999,0.3999999999999999,1.04,1.0,-0.0255164319248825,0.5050000000000001,0.5305164319248826,-0.0255164319248825,1,0.5252000000000001,50.5%,False,True,False,False,False,0.0,6.368191785166582e-05,0.3535191045753555,35.4%,0.0%
Kristaps Porzingis,,AST,Assists,2.5,0.0,0.75,8,0.4925,0.4925,0.4925,,0,0,-166,0.6240601503759399,2.5,2.5,1.25,1.0,-0.1315601503759398,0.4925,0.6240601503759399,-0.1315601503759398,0,0.6156250000000001,49.3%,False,True,False,False,False,0.0,5.683509860867832e-05,0.3447670505295826,34.5%,0.0%
DeMar DeRozan,SAC,AST,Assists,3.5,3.5,0.375,8,0.471875,0.471875,0.471875,Active,0,0,-102,0.504950495049505,0.0,0.0,1.0,1.0,-0.0330754950495049,0.471875,0.504950495049505,-0.0330754950495049,0,0.471875,47.2%,False,True,False,False,False,0.0,6.449264746470196e-05,0.33033184779423935,33.0%,0.0%
Jalen Johnson,ATL,AST,Assists,7.5,6.6,0.5,8,0.455,0.455,0.455,Active,0,0,110,0.4761904761904761,0.9000000000000004,0.9000000000000004,1.09,1.0,-0.021190476190476,0.455,0.4761904761904761,-0.021190476190476,0,0.49595,45.5%,False,True,False,False,False,0.0,6.809860054766357e-05,0.3185204295801643,31.9%,0.0%
Derik Queen,NOP,AST,Assists,4.5,3.3,0.5,8,0.4337499999999999,0.4337499999999999,0.4337499999999999,Active,0,0,-140,0.5833333333333334,1.2000000000000002,1.2000000000000002,1.12,1.0,-0.1495833333333334,0.4337499999999999,0.5833333333333334,-0.1495833333333334,0,0.4858,43.4%,False,True,False,False,False,0.0,6.348691050643888e-05,0.3036440460731519,30.4%,0.0%
Jalen Suggs,ORL,AST,Assists,5.5,4.9,0.375,8,0.4075000000000001,0.4075000000000001,0.4075000000000001,Active,0,0,117,0.4608294930875576,0.5999999999999996,0.5999999999999996,1.06,1.0,-0.0533294930875575,0.4075000000000001,0.4608294930875576,-0.0533294930875575,0,0.4319500000000001,40.8%,False,True,False,False,False,0.0,6.43959729651226e-05,0.2852693187918896,28.5%,0.0%
Franz Wagner,ORL,AST,Assists,4.5,3.8,0.375,8,0.39625,0.39625,0.39625,Active,0,0,108,0.4807692307692308,0.7000000000000002,0.7000000000000002,1.07,1.0,-0.0845192307692307,0.39625,0.4807692307692308,-0.0845192307692307,0,0.4239875000000001,39.6%,False,True,False,False,False,0.0,6.196159313460115e-05,0.2773935884779404,27.7%,0.0%
Brandon Williams,DAL,AST,Assists,5.5,3.9,0.5,8,0.379375,0.379375,0.379375,Active,0,0,110,0.4761904761904761,1.6,1.6,1.16,1.0,-0.096815476190476,0.379375,0.4761904761904761,-0.096815476190476,0,0.440075,37.9%,False,True,False,False,False,0.0,6.196180835257144e-05,0.2655810885425057,26.6%,0.0%
Cam Spencer,MEM,AST,Assists,3.5,3.2,0.25,8,0.3662500000000001,0.3662500000000001,0.3662500000000001,Active,0,0,-131,0.5670995670995671,0.2999999999999998,0.2999999999999998,1.03,1.0,-0.200849567099567,0.3662500000000001,0.5670995670995671,-0.200849567099567,0,0.3772375000000001,36.6%,False,True,False,False,False,0.0,6.0357213233414803e-05,0.25639310716397007,25.6%,0.0%
Kyle Kuzma,MIL,AST,Assists,2.5,1.9,0.375,8,0.410625,0.410625,0.34903125,Questionable,0,1,114,0.4672897196261682,0.6000000000000001,0.6000000000000001,1.06,1.0,-0.1182584696261682,0.34903125,0.4672897196261682,-0.1182584696261682,0,0.369973125,34.9%,False,True,False,False,False,0.0,5.959812621060015e-05,0.24433975443786318,24.4%,0.0%
Ryan Rollins,MIL,AST,Assists,6.5,5.9,0.25,8,0.335625,0.335625,0.335625,Active,0,0,-121,0.5475113122171946,0.5999999999999996,0.5999999999999996,1.06,1.0,-0.2118863122171945,0.335625,0.5475113122171946,-0.2118863122171945,0,0.3557625000000001,33.6%,False,True,False,False,False,0.0,5.9734681391303096e-05,0.2349554204044174,23.5%,0.0%
Dennis Schroder,,AST,Assists,4.5,0.0,0.5,8,0.328125,0.328125,0.328125,,0,0,-149,0.5983935742971888,4.5,4.5,1.45,1.0,-0.2702685742971887,0.328125,0.5983935742971888,-0.2702685742971887,0,0.47578125,32.8%,False,True,False,False,False,0.0,5.13458548388675e-05,0.22970290375645164,23.0%,0.0%
Nikola Jokic,,AST,Assists,10.5,0.0,0.5,8,0.315625,0.315625,0.315625,,0,0,100,0.5,10.5,10.5,2.05,1.0,-0.1843749999999999,0.315625,0.5,-0.1843749999999999,0,0.6470312500000001,31.6%,False,True,False,False,False,0.0,5.0652045057718436e-05,0.2209526956135173,22.1%,0.0%
Malik Monk,SAC,AST,Assists,2.5,2.1,0.125,8,0.283125,0.283125,0.283125,Active,0,0,137,0.4219409282700422,0.3999999999999999,0.3999999999999999,1.04,1.25,-0.1388159282700422,0.283125,0.4219409282700422,-0.1388159282700422,0,0.3680625,28.3%,False,True,False,False,False,0.0,5.503557364685438e-05,0.19820401067209403,19.8%,0.0%
Santi Aldama,MEM,AST,Assists,3.5,2.5,0.25,8,0.278125,0.278125,0.278125,Active,0,0,127,0.4405286343612334,1.0,1.0,1.1,1.25,-0.1624036343612334,0.278125,0.4405286343612334,-0.1624036343612334,0,0.382421875,27.8%,False,True,False,False,False,0.0,5.5736260837734674e-05,0.19470422087825132,19.5%,0.0%
Bruce Brown,DEN,AST,Assists,2.5,1.5,0.25,8,0.27,0.27,0.27,Active,0,0,125,0.4444444444444444,1.0,1.0,1.1,1.25,-0.1744444444444444,0.27,0.4444444444444444,-0.1744444444444444,0,0.3712500000000001,27.0%,False,True,False,False,False,0.0,5.503557364685438e-05,0.18901651067209405,18.9%,0.0%
Nikola Vucevic,,AST,Assists,3.5,0.0,0.375,8,0.253125,0.253125,0.253125,,0,0,118,0.4587155963302752,3.5,3.5,1.35,1.0,-0.2055905963302751,0.253125,0.4587155963302752,-0.2055905963302751,0,0.34171875,25.3%,False,True,False,False,False,0.0,5.1345889488178944e-05,0.17720290376684641,17.7%,0.0%
Jeremiah Fears,NOP,AST,Assists,3.5,2.6,0.125,8,0.2125,0.2125,0.2125,Active,0,0,121,0.4524886877828054,0.8999999999999999,0.8999999999999999,1.09,1.0,-0.2399886877828053,0.2125,0.4524886877828054,-0.2399886877828053,0,0.231625,21.3%,False,True,False,False,False,0.0,5.517283799452413e-05,0.14876655185139834,14.9%,0.0%
Wendell Carter Jr,,AST,Assists,2.5,0.0,,0,,,0.0,,0,0,118,0.4587155963302752,2.5,2.5,1.25,1.0,0.0,0.0,0.4587155963302752,0.0,0,0.0,~0%,False,True,False,False,False,0.0,5.082708532658576e-05,1.524812559797573e-05,0.0%,0.0%
Herb Jones,,AST,Assists,2.5,0.0,,0,,,0.0,,0,0,114,0.4672897196261682,2.5,2.5,1.25,1.0,0.0,0.0,0.4672897196261682,0.0,0,0.0,~0%,False,True,False,False,False,0.0,5.082708532658576e-05,1.524812559797573e-05,0.0%,0.0%
C.J. McCollum,,AST,Assists,3.5,0.0,,0,,,0.0,,0,0,-113,0.5305164319248826,3.5,3.5,1.35,1.0,0.0,0.0,0.5305164319248826,0.0,0,0.0,~0%,False,True,False,False,False,0.0,5.082708532658576e-05,1.524812559797573e-05,0.0%,0.0%
Vincent Williams Jr,,AST,Assists,6.5,0.0,,0,,,0.0,,0,0,110,0.4761904761904761,6.5,6.5,1.65,1.0,0.0,0.0,0.4761904761904761,0.0,0,0.0,~0%,False,True,False,False,False,0.0,5.014015869031728e-05,1.5042047607095186e-05,0.0%,0.0%
Jalen Duren,DET,PTS,Points,17.5,20.6,0.875,8,0.9257500000000004,0.9257500000000004,0.9257500000000004,Active,0,0,-117,0.5391705069124424,-3.1000000000000014,0.0,1.0,1.0,0.3865794930875579,0.9257500000000004,0.5391705069124424,0.3865794930875579,1,0.9257500000000004,92.6%,False,False,True,False,False,0.0,4.819762662633447e-05,0.6480394592879882,64.8%,0.0%
Duncan Robinson,DET,PTS,Points,10.5,12.7,0.75,8,0.8165,0.8165,0.8165,Active,0,0,-117,0.5391705069124424,-2.1999999999999997,0.0,1.0,1.0,0.2773294930875576,0.8165,0.5391705069124424,0.2773294930875576,1,0.8165,81.7%,False,False,True,False,False,0.0,7.395126660935224e-05,0.5715721853799828,57.2%,0.0%
Ausar Thompson,DET,PTS,Points,10.5,13.2,0.7142857142857143,7,0.8100714285714286,0.8100714285714286,0.8100714285714286,Active,0,0,-102,0.504950495049505,-2.6999999999999997,0.0,1.0,1.0,0.3051209335219236,0.8100714285714286,0.504950495049505,0.3051209335219236,1,0.8100714285714286,81.0%,False,False,True,False,False,0.0,7.395126660935224e-05,0.5670721853799827,56.7%,0.0%
Landry Shamet,NYK,PTS,Points,8.5,9.9,0.75,8,0.7805000000000002,0.7805000000000002,0.7805000000000002,Active,0,0,-123,0.5515695067264574,-1.4000000000000004,0.0,1.0,1.0,0.2289304932735427,0.7805000000000002,0.5515695067264574,0.2289304932735427,1,0.7805000000000002,78.1%,False,False,True,False,False,0.0,7.68984925965193e-05,0.5463730695477791,54.6%,0.0%
Jock Landale,MEM,PTS,Points,8.5,10.6,0.625,8,0.7295,0.7295,0.7295,Active,0,0,-131,0.5670995670995671,-2.1,0.0,1.0,1.0,0.1624004329004329,0.7295,0.5670995670995671,0.1624004329004329,1,0.7295,73.0%,False,False,True,False,False,0.0,6.650408401110093e-05,0.5106699512252034,51.1%,0.0%
Goga Bitadze,ORL,PTS,Points,4.5,6.2,0.625,8,0.7065000000000001,0.7065000000000001,0.7065000000000001,Active,0,0,-123,0.5515695067264574,-1.7000000000000002,0.0,1.0,1.0,0.1549304932735427,0.7065000000000001,0.5515695067264574,0.1549304932735427,1,0.7065000000000001,70.7%,False,False,True,False,False,0.0,8.425116160066345e-05,0.4945752753484802,49.5%,0.0%
Coby White,CHI,PTS,Points,20.5,26.0,1.0,2,0.7050000000000001,0.7050000000000001,0.7050000000000001,Active,0,0,-117,0.5391705069124424,-5.5,0.0,1.0,1.0,0.1658294930875576,0.7050000000000001,0.5391705069124424,0.1658294930875576,1,0.7050000000000001,70.5%,False,False,True,False,False,0.0,6.810422734434739e-05,0.4935204312682033,49.4%,0.0%
Nickeil Alexander-Walker,ATL,PTS,Points,18.5,19.7,0.625,8,0.70275,0.70275,0.70275,Active,0,0,-106,0.5145631067961165,-1.1999999999999993,0.0,1.0,1.0,0.1881868932038835,0.70275,0.5145631067961165,0.1881868932038835,1,0.70275,70.3%,False,False,True,False,False,0.0,6.810422734434739e-05,0.4919454312682032,49.2%,0.0%
Anthony Black,ORL,PTS,Points,10.5,11.8,0.625,8,0.6910000000000001,0.6910000000000001,0.6910000000000001,Active,0,0,-123,0.5515695067264574,-1.3000000000000007,0.0,1.0,1.0,0.1394304932735426,0.6910000000000001,0.5515695067264574,0.1394304932735426,1,0.6910000000000001,69.1%,False,False,True,False,False,0.0,7.630449523761435e-05,0.4837228913485713,48.4%,0.0%
Josh Hart,NYK,PTS,Points,10.5,9.7,0.75,8,0.6727500000000001,0.6727500000000001,0.6727500000000001,Active,0,0,-123,0.5515695067264574,0.8000000000000007,0.8000000000000007,1.08,1.0,0.1211804932735426,0.6727500000000001,0.5515695067264574,0.1211804932735426,1,0.7265700000000002,67.3%,False,False,True,False,False,0.0,7.934549847220116e-05,0.4709488036495417,47.1%,0.0%
Miles McBride,NYK,PTS,Points,8.5,10.1,0.75,8,0.7745,0.7745,0.6583249999999999,Questionable,0,1,-102,0.504950495049505,-1.5999999999999996,0.0,1.0,1.0,0.1533745049504949,0.6583249999999999,0.504950495049505,0.1533745049504949,1,0.6583249999999999,65.8%,False,False,True,False,False,0.0,7.934549847220116e-05,0.46085130364954163,46.1%,0.0%
Malik Monk,SAC,PTS,Points,11.5,12.5,0.625,8,0.65375,0.65375,0.65375,Active,0,0,-123,0.5515695067264574,-1.0,0.0,1.0,1.0,0.1021804932735426,0.65375,0.5515695067264574,0.1021804932735426,1,0.65375,65.4%,False,False,True,False,False,0.0,7.630449523761435e-05,0.4576478913485713,45.8%,0.0%
Ayo Dosunmu,CHI,PTS,Points,14.5,16.2,0.5,8,0.64275,0.64275,0.64275,Active,0,0,-102,0.504950495049505,-1.6999999999999993,0.0,1.0,1.0,0.1377995049504951,0.64275,0.504950495049505,0.1377995049504951,1,0.64275,64.3%,False,False,True,False,False,0.0,5.877910492347767e-05,0.4499426337314771,45.0%,0.0%
Cade Cunningham,DET,PTS,Points,27.5,27.3,0.625,8,0.63975,0.63975,0.63975,Active,0,0,-113,0.5305164319248826,0.1999999999999993,0.1999999999999993,1.02,1.0,0.1092335680751174,0.63975,0.5305164319248826,0.1092335680751174,1,0.652545,64.0%,False,False,True,False,False,0.0,6.343479090264884e-05,0.4478440304372708,44.8%,0.0%
Zach Edey,MEM,PTS,Points,12.5,12.3,0.6666666666666666,3,0.6310000000000001,0.6310000000000001,0.6310000000000001,Active,0,0,-125,0.5555555555555556,0.1999999999999993,0.1999999999999993,1.02,1.0,0.0754444444444445,0.6310000000000001,0.5555555555555556,0.0754444444444445,1,0.6436200000000001,63.1%,False,False,True,False,False,0.0,7.107286303193063e-05,0.4417213218589096,44.2%,0.0%
Jordan Clarkson,NYK,PTS,Points,10.5,10.4,0.625,8,0.6305000000000001,0.6305000000000001,0.6305000000000001,Active,0,0,-107,0.5169082125603864,0.0999999999999996,0.0999999999999996,1.01,1.0,0.1135917874396136,0.6305000000000001,0.5169082125603864,0.1135917874396136,1,0.6368050000000001,63.1%,False,False,True,False,False,0.0,7.107286303193063e-05,0.4413713218589096,44.1%,0.0%
Jamal Murray,DEN,PTS,Points,22.5,22.8,0.625,8,0.62475,0.62475,0.62475,Active,0,0,-117,0.5391705069124424,-0.3000000000000007,0.0,1.0,1.0,0.0855794930875576,0.62475,0.5391705069124424,0.0855794930875576,1,0.62475,62.5%,False,False,True,False,False,0.0,6.343479090264884e-05,0.4373440304372708,43.7%,0.0%
Jalen Johnson,ATL,PTS,Points,22.5,22.3,0.625,8,0.6160000000000001,0.6160000000000001,0.6160000000000001,Active,0,0,-108,0.5192307692307693,0.1999999999999993,0.1999999999999993,1.02,1.0,0.0967692307692308,0.6160000000000001,0.5192307692307693,0.0967692307692308,1,0.6283200000000001,61.6%,False,False,True,False,False,0.0,6.343479090264884e-05,0.43121903043727083,43.1%,0.0%
Zaccharie Risacher,ATL,PTS,Points,12.5,12.1,0.625,8,0.61325,0.61325,0.61325,Active,0,0,-104,0.5098039215686274,0.4000000000000003,0.4000000000000003,1.04,1.0,0.1034460784313725,0.61325,0.5098039215686274,0.1034460784313725,1,0.63778,61.3%,False,False,True,False,False,0.0,7.107286303193063e-05,0.42929632185890954,42.9%,0.0%
Onyeka Okongwu,ATL,PTS,Points,14.5,16.0,0.625,8,0.71625,0.71625,0.6088125,Questionable,0,1,-104,0.5098039215686274,-1.5,0.0,1.0,1.0,0.0990085784313725,0.6088125,0.5098039215686274,0.0990085784313725,1,0.6088125,60.9%,False,False,True,False,False,0.0,6.341633181493698e-05,0.42618777489954446,42.6%,0.0%
Jeremiah Fears,NOP,PTS,Points,16.5,15.7,0.625,8,0.599,0.599,0.599,Active,0,0,-104,0.5098039215686274,0.8000000000000007,0.8000000000000007,1.08,1.0,0.0891960784313725,0.599,0.5098039215686274,0.0891960784313725,1,0.64692,59.9%,False,False,True,False,False,0.0,7.93122274560978e-05,0.4193237936682368,41.9%,0.0%
Matas Buzelis,CHI,PTS,Points,12.5,14.1,0.625,8,0.70075,0.70075,0.5956374999999999,Questionable,0,1,-123,0.5515695067264574,-1.5999999999999996,0.0,1.0,1.0,0.0440679932735424,0.5956374999999999,0.5515695067264574,0.0440679932735424,1,0.5956374999999999,59.6%,False,False,True,False,False,0.0,7.923067397280115e-05,0.41697001920219173,41.7%,0.0%
Trey Murphy III,NOP,PTS,Points,21.5,20.3,0.625,8,0.5947500000000001,0.5947500000000001,0.5947500000000001,Active,0,0,-103,0.5073891625615764,1.1999999999999993,1.1999999999999993,1.12,1.0,0.0873608374384237,0.5947500000000001,0.5073891625615764,0.0873608374384237,1,0.66612,59.5%,False,False,True,False,False,0.0,6.343479090264884e-05,0.41634403043727086,41.6%,0.0%
Kevin Huerter,CHI,PTS,Points,11.5,12.8,0.625,8,0.6897500000000001,0.6897500000000001,0.5862875000000001,Questionable,0,1,-126,0.5575221238938053,-1.3000000000000007,0.0,1.0,1.0,0.0287653761061947,0.5862875000000001,0.5575221238938053,0.0287653761061947,1,0.5862875000000001,58.6%,False,False,True,False,False,0.0,6.14249114660554e-05,0.4104196774734399,41.0%,0.0%
Luke Kennard,ATL,PTS,Points,7.5,8.1,0.5,8,0.5845,0.5845,0.5845,Active,0,0,-109,0.5215311004784688,-0.5999999999999996,0.0,1.0,1.0,0.0629688995215311,0.5845,0.5215311004784688,0.0629688995215311,1,0.5845,58.5%,False,False,True,False,False,0.0,6.387294869203544e-05,0.4091691618846076,40.9%,0.0%
Karl-Anthony Towns,NYK,PTS,Points,21.5,21.5,0.5,8,0.57375,0.57375,0.57375,Active,0,0,-116,0.5370370370370371,0.0,0.0,1.0,1.0,0.0367129629629628,0.57375,0.5370370370370371,0.0367129629629628,1,0.57375,57.4%,False,False,True,False,False,0.0,5.482363040554554e-05,0.40164144708912164,40.2%,0.0%
Mikal Bridges,NYK,PTS,Points,15.5,16.1,0.5,8,0.5732500000000001,0.5732500000000001,0.5732500000000001,Active,0,0,-109,0.5215311004784688,-0.6000000000000014,0.0,1.0,1.0,0.0517188995215313,0.5732500000000001,0.5215311004784688,0.0517188995215313,1,0.5732500000000001,57.3%,False,False,True,False,False,0.0,5.482363040554554e-05,0.4012914470891218,40.1%,0.0%
Max Christie,DAL,PTS,Points,12.5,12.9,0.5,8,0.5680000000000001,0.5680000000000001,0.5680000000000001,Active,0,0,-103,0.5073891625615764,-0.4000000000000003,0.0,1.0,1.0,0.0606108374384236,0.5680000000000001,0.5073891625615764,0.0606108374384236,1,0.5680000000000001,56.8%,False,False,True,False,False,0.0,6.14249114660554e-05,0.39761842747343984,39.8%,0.0%
Cam Whitmore,WAS,PTS,Points,10.5,9.3,0.625,8,0.56225,0.56225,0.56225,Active,0,0,-114,0.5327102803738317,1.1999999999999993,1.1999999999999993,1.12,1.0,0.0295397196261683,0.56225,0.5327102803738317,0.0295397196261683,1,0.62972,56.2%,False,False,True,False,False,0.0,6.387294869203544e-05,0.3935941618846076,39.4%,0.0%
Zach LaVine,SAC,PTS,Points,19.5,21.9,0.375,8,0.55925,0.55925,0.55925,Active,0,0,-104,0.5098039215686274,-2.3999999999999986,0.0,1.0,1.0,0.0494460784313726,0.55925,0.5098039215686274,0.0494460784313726,1,0.55925,55.9%,False,False,True,False,False,0.0,5.482363040554554e-05,0.3914914470891217,39.1%,0.0%
Alex Sarr,WAS,PTS,Points,18.5,18.3,0.5,8,0.5385000000000001,0.5385000000000001,0.5385000000000001,Active,0,0,-106,0.5145631067961165,0.1999999999999993,0.1999999999999993,1.02,1.0,0.0239368932038835,0.5385000000000001,0.5145631067961165,0.0239368932038835,1,0.5492700000000001,53.9%,False,False,True,False,False,0.0,5.482363040554554e-05,0.37696644708912175,37.7%,0.0%
Kyshawn George,WAS,PTS,Points,15.5,16.5,0.375,8,0.5225000000000001,0.5225000000000001,0.5225000000000001,Active,0,0,-102,0.504950495049505,-1.0,0.0,1.0,1.0,0.0175495049504951,0.5225000000000001,0.504950495049505,0.0175495049504951,1,0.5225000000000001,52.3%,False,False,True,False,False,0.0,5.4179962470498385e-05,0.3657662539887412,36.6%,0.0%
Tobias Harris,DET,PTS,Points,11.5,13.5,0.5,2,0.5700000000000001,0.5700000000000001,0.4845,Questionable,0,1,-102,0.504950495049505,-2.0,0.0,1.0,1.0,-0.0204504950495049,0.4845,0.504950495049505,-0.0204504950495049,0,0.4845,48.5%,False,False,True,False,False,0.0,6.070421182569179e-05,0.3391682112635477,33.9%,0.0%
Naji Marshall,DAL,PTS,Points,12.5,11.8,0.375,8,0.47975,0.47975,0.47975,Active,0,0,-102,0.504950495049505,0.6999999999999993,0.6999999999999993,1.0699999999999998,1.0,-0.0252004950495048,0.47975,0.504950495049505,-0.0252004950495048,0,0.5133325,48.0%,False,False,True,False,False,0.0,6.070421182569179e-05,0.3358432112635477,33.6%,0.0%
Precious Achiuwa,SAC,PTS,Points,6.5,6.4,0.375,8,0.47925,0.47925,0.47925,Active,0,0,-108,0.5192307692307693,0.0999999999999996,0.0999999999999996,1.01,1.0,-0.0399807692307692,0.47925,0.5192307692307693,-0.0399807692307692,0,0.4840425,47.9%,False,False,True,False,False,0.0,6.612050933187326e-05,0.3354948361527995,33.5%,0.0%
Russell Westbrook,SAC,PTS,Points,13.5,13.7,0.375,8,0.479,0.479,0.479,Active,0,0,-107,0.5169082125603864,-0.1999999999999993,0.0,1.0,1.0,-0.0379082125603864,0.479,0.5169082125603864,-0.0379082125603864,0,0.479,47.9%,False,False,True,False,False,0.0,6.767197964504783e-05,0.3353203015938935,33.5%,0.0%
Cam Spencer,MEM,PTS,Points,10.5,9.0,0.5,8,0.47875,0.47875,0.47875,Active,0,0,-123,0.5515695067264574,1.5,1.5,1.15,1.0,-0.0728195067264574,0.47875,0.5515695067264574,-0.0728195067264574,0,0.5505625,47.9%,False,False,True,False,False,0.0,6.312352799810251e-05,0.33514393705839945,33.5%,0.0%
Myles Turner,MIL,PTS,Points,14.5,12.4,0.5,8,0.4617500000000001,0.4617500000000001,0.4617500000000001,Active,0,0,-123,0.5515695067264574,2.1,2.1,1.21,1.0,-0.0898195067264573,0.4617500000000001,0.5515695067264574,-0.0898195067264573,0,0.5587175000000001,46.2%,False,False,True,False,False,0.0,6.076669686458453e-05,0.3232432300090594,32.3%,0.0%
Franz Wagner,ORL,PTS,Points,24.5,22.6,0.5,8,0.452,0.452,0.452,Active,0,0,-112,0.5283018867924528,1.8999999999999984,1.8999999999999984,1.19,1.0,-0.0763018867924527,0.452,0.5283018867924528,-0.0763018867924527,0,0.53788,45.2%,False,False,True,False,False,0.0,5.4180379523210235e-05,0.316416254113857,31.6%,0.0%
Tre Johnson,WAS,PTS,Points,10.5,11.5,0.375,8,0.53,0.53,0.4505,Questionable,0,1,-106,0.5145631067961165,-1.0,0.0,1.0,1.0,-0.0640631067961164,0.4505,0.5145631067961165,-0.0640631067961164,0,0.4505,45.1%,False,False,True,False,False,0.0,6.070421182569179e-05,0.3153682112635477,31.5%,0.0%
Desmond Bane,ORL,PTS,Points,20.5,16.8,0.625,8,0.44475,0.44475,0.44475,Active,0,0,-108,0.5192307692307693,3.6999999999999993,3.6999999999999993,1.37,1.0,-0.0744807692307692,0.44475,0.5192307692307693,-0.0744807692307692,0,0.6093075,44.5%,False,False,True,False,False,0.0,5.3335485659625685e-05,0.31134100064569786,31.1%,0.0%
Mitchell Robinson,NYK,PTS,Points,4.5,3.8,0.375,8,0.44225,0.44225,0.44225,Active,0,0,110,0.4761904761904761,0.7000000000000002,0.7000000000000002,1.07,1.0,-0.033940476190476,0.44225,0.4761904761904761,-0.033940476190476,0,0.4732075,44.2%,False,False,True,False,False,0.0,6.348691050643888e-05,0.30959404607315194,31.0%,0.0%
Cooper Flagg,DAL,PTS,Points,17.5,16.4,0.375,8,0.4404999999999999,0.4404999999999999,0.4404999999999999,Active,0,0,-108,0.5192307692307693,1.1000000000000014,1.1000000000000014,1.11,1.0,-0.0787307692307693,0.4404999999999999,0.5192307692307693,-0.0787307692307693,0,0.488955,44.0%,False,False,True,False,False,0.0,5.3335485659625685e-05,0.3083660006456978,30.8%,0.0%
Bilal Coulibaly,WAS,PTS,Points,11.5,10.0,0.4285714285714285,7,0.4282142857142857,0.4282142857142857,0.4282142857142857,Active,0,0,-104,0.5098039215686274,1.5,1.5,1.15,1.0,-0.0815896358543417,0.4282142857142857,0.5098039215686274,-0.0815896358543417,0,0.4924464285714285,42.8%,False,False,True,False,False,0.0,6.0646169576880344e-05,0.299768193850873,30.0%,0.0%
Jalen Brunson,NYK,PTS,Points,28.5,28.0,0.5,8,0.50375,0.50375,0.4281875,Probable,0,1,-108,0.5192307692307693,0.5,0.5,1.05,1.0,-0.0910432692307692,0.4281875,0.5192307692307693,-0.0910432692307692,0,0.449596875,42.8%,False,False,True,False,False,0.0,5.1032606146067525e-05,0.29974655978184384,30.0%,0.0%
Nikola Jokic,,PTS,Points,29.5,0.0,0.625,8,0.42375,0.42375,0.42375,,0,0,-107,0.5169082125603864,29.5,29.5,3.95,1.0,-0.0931582125603864,0.42375,0.5169082125603864,-0.0931582125603864,0,1.6738125,42.4%,False,False,True,False,False,0.0,5.392209446263479e-05,0.2966411766283388,29.7%,0.0%
Josh Giddey,CHI,PTS,Points,21.5,20.6,0.375,8,0.4232500000000001,0.4232500000000001,0.4232500000000001,Active,0,0,-106,0.5145631067961165,0.8999999999999986,0.8999999999999986,1.09,1.0,-0.0913131067961163,0.4232500000000001,0.5145631067961165,-0.0913131067961163,0,0.4613425000000001,42.3%,False,False,True,False,False,0.0,5.2053987398394816e-05,0.2962906161962196,29.6%,0.0%
Keegan Murray,SAC,PTS,Points,11.5,11.0,0.0,1,0.4225,0.4225,0.4225,Active,0,0,-108,0.5192307692307693,0.5,0.5,1.05,1.0,-0.0967307692307692,0.4225,0.5192307692307693,-0.0967307692307692,0,0.443625,42.2%,False,False,True,False,False,0.0,5.8321796825866634e-05,0.2957674965390477,29.6%,0.0%
Saddiq Bey,NOP,PTS,Points,12.5,11.1,0.375,8,0.41825,0.41825,0.41825,Active,0,0,-126,0.5575221238938053,1.4000000000000004,1.4000000000000004,1.14,1.0,-0.1392721238938052,0.41825,0.5575221238938053,-0.1392721238938052,0,0.4768050000000001,41.8%,False,False,True,False,False,0.0,5.8321796825866634e-05,0.29279249653904776,29.3%,0.0%
Kyle Kuzma,MIL,PTS,Points,13.5,13.5,0.375,8,0.4875,0.4875,0.414375,Questionable,0,1,-125,0.5555555555555556,0.0,0.0,1.0,1.0,-0.1411805555555555,0.414375,0.5555555555555556,-0.1411805555555555,0,0.414375,41.4%,False,False,True,False,False,0.0,5.8321796825866634e-05,0.29007999653904776,29.0%,0.0%
Tristan da Silva,ORL,PTS,Points,13.5,12.2,0.375,8,0.41275,0.41275,0.41275,Active,0,0,-102,0.504950495049505,1.3000000000000007,1.3000000000000007,1.13,1.0,-0.0922004950495049,0.41275,0.504950495049505,-0.0922004950495049,0,0.4664075000000001,41.3%,False,False,True,False,False,0.0,5.8321796825866634e-05,0.28894249653904774,28.9%,0.0%
Cole Anthony,MIL,PTS,Points,9.5,8.5,0.375,8,0.40625,0.40625,0.40625,Active,0,0,-111,0.5260663507109005,1.0,1.0,1.1,1.0,-0.1198163507109004,0.40625,0.5260663507109005,-0.1198163507109004,0,0.4468750000000001,40.6%,False,False,True,False,False,0.0,6.0646169576880344e-05,0.284393193850873,28.4%,0.0%
Bruce Brown,DEN,PTS,Points,8.5,6.8,0.375,8,0.391,0.391,0.391,Active,0,0,-102,0.504950495049505,1.7000000000000002,1.7000000000000002,1.17,1.0,-0.1139504950495049,0.391,0.504950495049505,-0.1139504950495049,0,0.45747,39.1%,False,False,True,False,False,0.0,6.542630899167858e-05,0.2737196278926975,27.4%,0.0%
Jaylen Wells,MEM,PTS,Points,11.5,9.7,0.375,8,0.3865,0.3865,0.3865,Active,0,0,-113,0.5305164319248826,1.8000000000000007,1.8000000000000007,1.1800000000000002,1.0,-0.1440164319248826,0.3865,0.5305164319248826,-0.1440164319248826,0,0.4560700000000001,38.6%,False,False,True,False,False,0.0,6.064645393436575e-05,0.2705681939361803,27.1%,0.0%
Drew Eubanks,SAC,PTS,Points,8.5,6.5,0.375,8,0.385,0.385,0.385,Active,0,0,-107,0.5169082125603864,2.0,2.0,1.2,1.0,-0.1319082125603863,0.385,0.5169082125603864,-0.1319082125603863,0,0.4620000000000001,38.5%,False,False,True,False,False,0.0,6.542630899167858e-05,0.26951962789269746,27.0%,0.0%
Daniel Gafford,DAL,PTS,Points,10.5,10.1,0.25,8,0.38325,0.38325,0.38325,Active,0,0,-113,0.5305164319248826,0.4000000000000003,0.4000000000000003,1.04,1.0,-0.1472664319248826,0.38325,0.5305164319248826,-0.1472664319248826,0,0.39858,38.3%,False,False,True,False,False,0.0,6.064645393436575e-05,0.2682931939361803,26.8%,0.0%
Kentavious Caldwell-Pope,MEM,PTS,Points,7.5,7.3,0.25,8,0.37975,0.37975,0.37975,Active,0,0,-119,0.54337899543379,0.2000000000000001,0.2000000000000001,1.02,1.0,-0.1636289954337899,0.37975,0.54337899543379,-0.1636289954337899,0,0.387345,38.0%,False,False,True,False,False,0.0,6.5426295594144e-05,0.26584462788867824,26.6%,0.0%
Cedric Coward,MEM,PTS,Points,16.5,14.6,0.375,8,0.37075,0.37075,0.37075,Active,0,0,-109,0.5215311004784688,1.9000000000000004,1.9000000000000004,1.19,1.0,-0.1507811004784688,0.37075,0.5215311004784688,-0.1507811004784688,0,0.4411925,37.1%,False,False,True,False,False,0.0,6.339751976106852e-05,0.25954401925592835,26.0%,0.0%
DeMar DeRozan,SAC,PTS,Points,18.5,17.9,0.25,8,0.3554999999999999,0.3554999999999999,0.3554999999999999,Active,0,0,-107,0.5169082125603864,0.6000000000000014,0.6000000000000014,1.06,1.0,-0.1614082125603865,0.3554999999999999,0.5169082125603864,-0.1614082125603865,0,0.3768299999999999,35.5%,False,False,True,False,False,0.0,5.07058712781552e-05,0.24886521176138338,24.9%,0.0%
Brandon Williams,DAL,PTS,Points,14.5,10.4,0.5,8,0.34675,0.34675,0.34675,Active,0,0,-102,0.504950495049505,4.1,4.1,1.41,1.0,-0.1582004950495049,0.34675,0.504950495049505,-0.1582004950495049,0,0.4889175,34.7%,False,False,True,False,False,0.0,5.686984177337634e-05,0.242742060952532,24.3%,0.0%
Vit Krejci,,PTS,Points,10.5,0.0,0.5,8,0.34125,0.34125,0.34125,,0,0,-103,0.5073891625615764,10.5,10.5,2.05,1.0,-0.1661391625615763,0.34125,0.5073891625615764,-0.1661391625615763,0,0.6995625000000001,34.1%,False,False,True,False,False,0.0,5.247158851176573e-05,0.2388907414765535,23.9%,0.0%
Derik Queen,NOP,PTS,Points,15.5,12.2,0.375,8,0.33775,0.33775,0.33775,Active,0,0,-107,0.5169082125603864,3.3000000000000007,3.3000000000000007,1.33,1.0,-0.1791582125603864,0.33775,0.5169082125603864,-0.1791582125603864,0,0.4492075,33.8%,False,False,True,False,False,0.0,5.489778962274524e-05,0.23644146933688678,23.6%,0.0%
Ryan Rollins,MIL,PTS,Points,21.5,18.3,0.375,8,0.326,0.326,0.326,Active,0,0,-107,0.5169082125603864,3.1999999999999997,3.1999999999999997,1.3199999999999998,1.0,-0.1909082125603863,0.326,0.5169082125603864,-0.1909082125603863,0,0.43032,32.6%,False,False,True,False,False,0.0,4.682403610084419e-05,0.22821404721083025,22.8%,0.0%
P.J. Washington,DAL,PTS,Points,16.5,15.0,0.25,8,0.3225,0.3225,0.3225,Active,0,0,-103,0.5073891625615764,1.5,1.5,1.15,1.0,-0.1848891625615763,0.3225,0.5073891625615764,-0.1848891625615763,0,0.370875,32.3%,False,False,True,False,False,0.0,5.8544120505192854e-05,0.22576756323615155,22.6%,0.0%
Dyson Daniels,ATL,PTS,Points,10.5,8.9,0.25,8,0.31175,0.31175,0.31175,Active,0,0,-117,0.5391705069124424,1.5999999999999996,1.5999999999999996,1.16,1.0,-0.2274205069124423,0.31175,0.5391705069124424,-0.2274205069124423,0,0.36163,31.2%,False,False,True,False,False,0.0,5.4552994441539866e-05,0.21824136589833246,21.8%,0.0%
Jalen Suggs,ORL,PTS,Points,15.5,13.4,0.25,8,0.308,0.308,0.308,Active,0,0,-126,0.5575221238938053,2.1,2.1,1.21,1.0,-0.2495221238938052,0.308,0.5575221238938053,-0.2495221238938052,0,0.37268,30.8%,False,False,True,False,False,0.0,5.2516142879842835e-05,0.21561575484286394,21.6%,0.0%
Jonas Valanciunas,,PTS,Points,8.5,0.0,0.375,8,0.25875,0.25875,0.25875,,0,0,-104,0.5098039215686274,8.5,8.5,1.85,1.0,-0.2510539215686274,0.25875,0.5098039215686274,-0.2510539215686274,0,0.4786875000000001,25.9%,False,False,True,False,False,0.0,5.0652045057718436e-05,0.1811401956135173,18.1%,0.0%
Dennis Schroder,,PTS,Points,11.5,0.0,0.375,8,0.23375,0.23375,0.23375,,0,0,-116,0.5370370370370371,11.5,11.5,2.15,1.0,-0.3032870370370371,0.23375,0.5370370370370371,-0.3032870370370371,0,0.5025625,23.4%,False,False,True,False,False,0.0,5.0652045057718436e-05,0.1636401956135173,16.4%,0.0%
Santi Aldama,MEM,PTS,Points,17.5,13.5,0.25,8,0.2175,0.2175,0.2175,Active,0,0,-112,0.5283018867924528,4.0,4.0,1.4,1.0,-0.3108018867924528,0.2175,0.5283018867924528,-0.3108018867924528,0,0.3045,21.8%,False,False,True,False,False,0.0,5.198526964915639e-05,0.15226559558089475,15.2%,0.0%
Patrick Williams,CHI,PTS,Points,9.5,7.8,0.125,8,0.2435,0.2435,0.206975,Questionable,0,1,-117,0.5391705069124424,1.7000000000000002,1.7000000000000002,1.17,1.0,-0.3321955069124424,0.206975,0.5391705069124424,-0.3321955069124424,0,0.2421607499999999,20.7%,False,False,True,False,False,0.0,6.297923740683349e-05,0.14490139377122205,14.5%,0.0%
Peyton Watson,DEN,PTS,Points,12.5,8.3,0.25,8,0.206,0.206,0.206,Active,0,0,-107,0.5169082125603864,4.199999999999999,4.199999999999999,1.42,1.0,-0.3109082125603863,0.206,0.5169082125603864,-0.3109082125603863,0,0.29252,20.6%,False,False,True,False,False,0.0,6.297923740683349e-05,0.14421889377122205,14.4%,0.0%
Nikola Vucevic,,PTS,Points,18.5,0.0,0.25,8,0.1575,0.1575,0.1575,,0,0,-107,0.5169082125603864,18.5,18.5,2.85,1.0,-0.3594082125603864,0.1575,0.5169082125603864,-0.3594082125603864,0,0.4488750000000001,15.8%,False,False,True,False,False,0.0,5.019186293856268e-05,0.11026505755888155,11.0%,0.0%
Kristaps Porzingis,,PTS,Points,18.5,0.0,0.125,8,0.09,0.09,0.09,,0,0,-105,0.5121951219512195,18.5,18.5,2.85,1.0,-0.4221951219512195,0.09,0.5121951219512195,-0.4221951219512195,0,0.2565,9.0%,False,False,True,False,False,0.0,5.019186293856268e-05,0.06301505755888157,6.3%,0.0%
Bobby Portis,MIL,PTS,Points,15.5,10.3,0.125,8,0.08875,0.08875,0.08875,Active,0,0,-107,0.5169082125603864,5.199999999999999,5.199999999999999,1.52,1.0,-0.4281582125603864,0.08875,0.5169082125603864,-0.4281582125603864,0,0.1349,8.9%,False,False,True,False,False,0.0,6.556735430507268e-05,0.06214467020629152,6.2%,0.0%
Wendell Carter Jr,,PTS,Points,11.5,0.0,,0,,,0.0,,0,0,-113,0.5305164319248826,11.5,11.5,2.15,1.0,0.0,0.0,0.5305164319248826,0.0,0,0.0,~0%,False,False,True,False,False,0.0,5.01402512202569e-05,1.5042075366077073e-05,0.0%,0.0%
Herb Jones,,PTS,Points,10.5,0.0,,0,,,0.0,,0,0,-104,0.5098039215686274,10.5,10.5,2.05,1.0,0.0,0.0,0.5098039215686274,0.0,0,0.0,~0%,False,False,True,False,False,0.0,5.01402512202569e-05,1.5042075366077073e-05,0.0%,0.0%
C.J. McCollum,,PTS,Points,17.5,0.0,,0,,,0.0,,0,0,-104,0.5098039215686274,17.5,17.5,2.75,1.0,0.0,0.0,0.5098039215686274,0.0,0,0.0,~0%,False,False,True,False,False,0.0,5.019186293856268e-05,1.5057558881568808e-05,0.0%,0.0%
Gary Trent Jr,,PTS,Points,12.5,0.0,,0,,,0.0,,0,0,-108,0.5192307692307693,12.5,12.5,2.25,1.0,0.0,0.0,0.5192307692307693,0.0,0,0.0,~0%,False,False,True,False,False,0.0,5.01402512202569e-05,1.5042075366077073e-05,0.0%,0.0%
A.J. Green,,PTS,Points,9.5,0.0,,0,,,0.0,,0,0,-116,0.5370370370370371,9.5,9.5,1.95,1.0,0.0,0.0,0.5370370370370371,0.0,0,0.0,~0%,False,False,True,False,False,0.0,5.01402512202569e-05,1.5042075366077073e-05,0.0%,0.0%
Jaden Ivey,,PTS,Points,8.5,0.0,,0,,,0.0,,0,0,-126,0.5575221238938053,8.5,8.5,1.85,1.0,0.0,0.0,0.5575221238938053,0.0,0,0.0,~0%,False,False,True,False,False,0.0,5.01402512202569e-05,1.5042075366077073e-05,0.0%,0.0%
Isaiah Stewart II,,PTS,Points,8.5,0.0,,0,,,0.0,,0,0,-107,0.5169082125603864,8.5,8.5,1.85,1.0,0.0,0.0,0.5169082125603864,0.0,0,0.0,~0%,False,False,True,False,False,0.0,5.01402512202569e-05,1.5042075366077073e-05,0.0%,0.0%
Ron Holland,,PTS,Points,6.5,0.0,,0,,,0.0,,0,0,100,0.5,6.5,6.5,1.65,1.0,0.0,0.0,0.5,0.0,0,0.0,~0%,False,False,True,False,False,0.0,5.014015869031728e-05,1.5042047607095186e-05,0.0%,0.0%
Vincent Williams Jr,,PTS,Points,12.5,0.0,,0,,,0.0,,0,0,-101,0.5024875621890548,12.5,12.5,2.25,1.0,0.0,0.0,0.5024875621890548,0.0,0,0.0,~0%,False,False,True,False,False,0.0,5.01402512202569e-05,1.5042075366077073e-05,0.0%,0.0%
Tim Hardaway Jr,,PTS,Points,11.5,0.0,,0,,,0.0,,0,0,-120,0.5454545454545454,11.5,11.5,2.15,1.0,0.0,0.0,0.5454545454545454,0.0,0,0.0,~0%,False,False,True,False,False,0.0,5.01402512202569e-05,1.5042075366077073e-05,0.0%,0.0%
Mitchell Robinson,NYK,REB,Rebounds,7.5,8.9,0.875,8,0.94375,0.94375,0.94375,Active,0,0,-128,0.5614035087719298,-1.4000000000000004,0.0,1.0,1.0,0.3823464912280703,0.94375,0.5614035087719298,0.3823464912280703,1,0.94375,94.4%,False,False,False,True,False,0.0,5.61531745628249e-05,0.6606418459523687,66.1%,0.0%
Jock Landale,MEM,REB,Rebounds,4.5,5.6,0.875,8,0.91,0.91,0.91,Active,0,0,-121,0.5475113122171946,-1.0999999999999996,0.0,1.0,1.0,0.3624886877828055,0.91,0.5475113122171946,0.3624886877828055,1,0.91,91.0%,False,False,False,True,False,0.0,5.962514509435977e-05,0.6370178875435283,63.7%,0.0%
Karl-Anthony Towns,NYK,REB,Rebounds,11.5,12.8,0.75,8,0.8587500000000001,0.8587500000000001,0.8587500000000001,Active,0,0,-116,0.5370370370370371,-1.3000000000000007,0.0,1.0,1.0,0.321712962962963,0.8587500000000001,0.5370370370370371,0.321712962962963,1,0.8587500000000001,85.9%,False,False,False,True,False,0.0,5.400099456967279e-05,0.6011412002983709,60.1%,0.0%
Anthony Black,ORL,REB,Rebounds,2.5,3.1,0.875,8,0.8393750000000002,0.8393750000000002,0.8393750000000002,Active,0,0,-175,0.6363636363636364,-0.6000000000000001,0.0,1.0,1.0,0.2030113636363638,0.8393750000000002,0.6363636363636364,0.2030113636363638,1,0.8393750000000002,83.9%,False,False,False,True,False,0.0,9.912579484364923e-05,0.5875922377384531,58.8%,0.0%
Cedric Coward,MEM,REB,Rebounds,5.5,6.3,0.75,8,0.8075000000000001,0.8075000000000001,0.8075000000000001,Active,0,0,-128,0.5614035087719298,-0.7999999999999998,0.0,1.0,1.0,0.2460964912280703,0.8075000000000001,0.5614035087719298,0.2460964912280703,1,0.8075000000000001,80.8%,False,False,False,True,False,0.0,8.010341939498009e-05,0.5652740310258185,56.5%,0.0%
Jamal Murray,DEN,REB,Rebounds,3.5,4.9,0.625,8,0.8062500000000001,0.8062500000000001,0.8062500000000001,Active,0,0,-153,0.6047430830039525,-1.4000000000000004,0.0,1.0,1.0,0.2015069169960476,0.8062500000000001,0.6047430830039525,0.2015069169960476,1,0.8062500000000001,80.6%,False,False,False,True,False,0.0,8.01036997219184e-05,0.5643990311099166,56.4%,0.0%
Naji Marshall,DAL,REB,Rebounds,4.5,4.8,0.75,8,0.75125,0.75125,0.75125,Active,0,0,-135,0.574468085106383,-0.2999999999999998,0.0,1.0,1.0,0.1767819148936169,0.75125,0.574468085106383,0.1767819148936169,1,0.75125,75.1%,False,False,False,True,False,0.0,8.088827087356197e-05,0.5258992664812621,52.6%,0.0%
Dyson Daniels,ATL,REB,Rebounds,5.5,5.9,0.75,8,0.7481250000000002,0.7481250000000002,0.7481250000000002,Active,0,0,-128,0.5614035087719298,-0.4000000000000003,0.0,1.0,1.0,0.1867214912280703,0.7481250000000002,0.5614035087719298,0.1867214912280703,1,0.7481250000000002,74.8%,False,False,False,True,False,0.0,8.406661929430173e-05,0.5237127199857884,52.4%,0.0%
Zaccharie Risacher,ATL,REB,Rebounds,2.5,2.6,0.75,8,0.7175,0.7175,0.7175,Active,0,0,-166,0.6240601503759399,-0.1,0.0,1.0,1.0,0.0934398496240601,0.7175,0.6240601503759399,0.0934398496240601,1,0.7175,71.8%,False,False,False,True,False,0.0,7.459952371653068e-05,0.5022723798571149,50.2%,0.0%
Max Christie,DAL,REB,Rebounds,3.5,3.5,0.75,8,0.7175,0.7175,0.7175,Active,0,0,-131,0.5670995670995671,0.0,0.0,1.0,1.0,0.1504004329004329,0.7175,0.5670995670995671,0.1504004329004329,1,0.7175,71.8%,False,False,False,True,False,0.0,7.45994870610165e-05,0.5022723798461183,50.2%,0.0%
Desmond Bane,ORL,REB,Rebounds,4.5,4.6,0.75,8,0.7174999999999999,0.7174999999999999,0.7174999999999999,Active,0,0,-136,0.576271186440678,-0.0999999999999996,0.0,1.0,1.0,0.1412288135593219,0.7174999999999999,0.576271186440678,0.1412288135593219,1,0.7174999999999999,71.7%,False,False,False,True,False,0.0,7.459909122125782e-05,0.5022723797273663,50.2%,0.0%
Alex Sarr,WAS,REB,Rebounds,7.5,8.2,0.625,8,0.7068749999999999,0.7068749999999999,0.7068749999999999,Active,0,0,-128,0.5614035087719298,-0.6999999999999993,0.0,1.0,1.0,0.1454714912280701,0.7068749999999999,0.5614035087719298,0.1454714912280701,1,0.7068749999999999,70.7%,False,False,False,True,False,0.0,7.783982167366266e-05,0.49483585194650204,49.5%,0.0%
Matas Buzelis,CHI,REB,Rebounds,4.5,5.5,0.75,8,0.8300000000000001,0.8300000000000001,0.7055,Questionable,0,1,-147,0.5951417004048583,-1.0,0.0,1.0,1.0,0.1103582995951417,0.7055,0.5951417004048583,0.1103582995951417,1,0.7055,70.5%,False,False,False,True,False,0.0,8.265257438847927e-05,0.4938747957723165,49.4%,0.0%
Josh Giddey,CHI,REB,Rebounds,9.5,9.9,0.625,8,0.6937500000000001,0.6937500000000001,0.6937500000000001,Active,0,0,-113,0.5305164319248826,-0.4000000000000003,0.0,1.0,1.0,0.1632335680751174,0.6937500000000001,0.5305164319248826,0.1632335680751174,1,0.6937500000000001,69.4%,False,False,False,True,False,0.0,7.783982167366266e-05,0.48564835194650213,48.6%,0.0%
Ryan Rollins,MIL,REB,Rebounds,3.5,3.9,0.625,8,0.685625,0.685625,0.685625,Active,0,0,-158,0.6124031007751938,-0.3999999999999999,0.0,1.0,1.0,0.0732218992248062,0.685625,0.6124031007751938,0.0732218992248062,1,0.685625,68.6%,False,False,False,True,False,0.0,7.952810520355148e-05,0.47996135843156107,48.0%,0.0%
Ausar Thompson,DET,REB,Rebounds,5.5,6.2,0.5714285714285714,7,0.6805357142857142,0.6805357142857142,0.6805357142857142,Active,0,0,-106,0.5145631067961165,-0.7000000000000002,0.0,1.0,1.0,0.1659726074895977,0.6805357142857142,0.5145631067961165,0.1659726074895977,1,0.6805357142857142,68.1%,False,False,False,True,False,0.0,8.265240160586633e-05,0.4763997957204817,47.6%,0.0%
Russell Westbrook,SAC,REB,Rebounds,6.5,6.9,0.625,8,0.666875,0.666875,0.666875,Active,0,0,-140,0.5833333333333334,-0.4000000000000003,0.0,1.0,1.0,0.0835416666666666,0.666875,0.5833333333333334,0.0835416666666666,1,0.666875,66.7%,False,False,False,True,False,0.0,8.397450460330657e-05,0.46683769235138095,46.7%,0.0%
Trey Murphy III,NOP,REB,Rebounds,5.5,6.3,0.5,8,0.6556250000000001,0.6556250000000001,0.6556250000000001,Active,0,0,-107,0.5169082125603864,-0.7999999999999998,0.0,1.0,1.0,0.1387167874396137,0.6556250000000001,0.5169082125603864,0.1387167874396137,1,0.6556250000000001,65.6%,False,False,False,True,False,0.0,8.265240160586633e-05,0.4589622957204818,45.9%,0.0%
Jalen Johnson,ATL,REB,Rebounds,9.5,9.6,0.625,8,0.645625,0.645625,0.645625,Active,0,0,-138,0.5798319327731093,-0.0999999999999996,0.0,1.0,1.0,0.0657930672268907,0.645625,0.5798319327731093,0.0657930672268907,1,0.645625,64.6%,False,False,False,True,False,0.0,7.403596292914331e-05,0.45195971078887875,45.2%,0.0%
Jalen Brunson,NYK,REB,Rebounds,2.5,3.5,0.625,8,0.75,0.75,0.6375,Probable,0,1,-142,0.5867768595041323,-1.0,0.0,1.0,1.0,0.0507231404958676,0.6375,0.5867768595041323,0.0507231404958676,1,0.6375,63.7%,False,False,False,True,False,0.0,7.407547039107704e-05,0.44627222264111727,44.6%,0.0%
Bruce Brown,DEN,REB,Rebounds,3.5,4.0,0.5,8,0.615625,0.615625,0.615625,Active,0,0,-135,0.574468085106383,-0.5,0.0,1.0,1.0,0.0411569148936169,0.615625,0.574468085106383,0.0411569148936169,1,0.615625,61.6%,False,False,False,True,False,0.0,7.407547039107704e-05,0.4309597226411173,43.1%,0.0%
DeMar DeRozan,SAC,REB,Rebounds,2.5,3.1,0.5,8,0.6143750000000001,0.6143750000000001,0.6143750000000001,Active,0,0,-161,0.6168582375478927,-0.6000000000000001,0.0,1.0,1.0,-0.0024832375478925,0.6143750000000001,0.6168582375478927,-0.0024832375478925,1,0.6143750000000001,61.4%,False,False,False,True,False,0.0,7.40755067891273e-05,0.4300847226520368,43.0%,0.0%
Zach LaVine,SAC,REB,Rebounds,3.5,3.4,0.625,8,0.610625,0.610625,0.610625,Active,0,0,131,0.4329004329004329,0.1,0.1,1.01,1.25,0.177724567099567,0.610625,0.4329004329004329,0.177724567099567,1,0.7709140624999999,61.1%,False,False,False,True,False,0.0,7.407547039107704e-05,0.4274597226411173,42.7%,0.0%
Goga Bitadze,ORL,REB,Rebounds,4.5,4.9,0.5,8,0.5981250000000001,0.5981250000000001,0.5981250000000001,Active,0,0,-108,0.5192307692307693,-0.4000000000000003,0.0,1.0,1.0,0.0788942307692308,0.5981250000000001,0.5192307692307693,0.0788942307692308,1,0.5981250000000001,59.8%,False,False,False,True,False,0.0,7.69857916081777e-05,0.4187105957374825,41.9%,0.0%
Precious Achiuwa,SAC,REB,Rebounds,4.5,4.8,0.5,8,0.59625,0.59625,0.59625,Active,0,0,110,0.4761904761904761,-0.2999999999999998,0.0,1.0,1.0,0.1200595238095238,0.59625,0.4761904761904761,0.1200595238095238,1,0.59625,59.6%,False,False,False,True,False,0.0,7.407507733164937e-05,0.41739722252319944,41.7%,0.0%
Tristan da Silva,ORL,REB,Rebounds,4.5,4.1,0.625,8,0.5924999999999999,0.5924999999999999,0.5924999999999999,Active,0,0,-156,0.609375,0.4000000000000003,0.4000000000000003,1.04,1.0,-0.016875,0.5924999999999999,0.609375,-0.016875,1,0.6162,59.2%,False,False,False,True,False,0.0,7.407542040449142e-05,0.41477222262612123,41.5%,0.0%
Mikal Bridges,NYK,REB,Rebounds,3.5,4.4,0.375,8,0.57625,0.57625,0.57625,Active,0,0,-120,0.5454545454545454,-0.9000000000000004,0.0,1.0,1.0,0.0307954545454546,0.57625,0.5454545454545454,0.0307954545454546,1,0.57625,57.6%,False,False,False,True,False,0.0,6.401965247701991e-05,0.4033942058957431,40.3%,0.0%
Franz Wagner,ORL,REB,Rebounds,6.5,6.4,0.5,8,0.5575000000000001,0.5575000000000001,0.5575000000000001,Active,0,0,110,0.4761904761904761,0.0999999999999996,0.0999999999999996,1.01,1.0,0.081309523809524,0.5575000000000001,0.4761904761904761,0.081309523809524,1,0.5630750000000001,55.8%,False,False,False,True,False,0.0,6.563588022824766e-05,0.39026969076406853,39.0%,0.0%
Onyeka Okongwu,ATL,REB,Rebounds,6.5,7.4,0.5,8,0.6481250000000001,0.6481250000000001,0.55090625,Questionable,0,1,-120,0.5454545454545454,-0.9000000000000004,0.0,1.0,1.0,0.0054517045454546,0.55090625,0.5454545454545454,0.0054517045454546,1,0.55090625,55.1%,False,False,False,True,False,0.0,6.759933544972212e-05,0.38565465480063493,38.6%,0.0%
Jalen Suggs,ORL,REB,Rebounds,3.5,3.9,0.375,8,0.5387500000000001,0.5387500000000001,0.5387500000000001,Active,0,0,-147,0.5951417004048583,-0.3999999999999999,0.0,1.0,1.0,-0.0563917004048581,0.5387500000000001,0.5951417004048583,-0.0563917004048581,1,0.5387500000000001,53.9%,False,False,False,True,False,0.0,6.401994898194143e-05,0.3771442059846946,37.7%,0.0%
Cade Cunningham,DET,REB,Rebounds,5.5,5.4,0.5,8,0.535625,0.535625,0.535625,Active,0,0,-108,0.5192307692307693,0.0999999999999996,0.0999999999999996,1.01,1.0,0.0163942307692307,0.535625,0.5192307692307693,0.0163942307692307,1,0.54098125,53.6%,False,False,False,True,False,0.0,6.653518031437533e-05,0.3749574605540943,37.5%,0.0%
Cooper Flagg,DAL,REB,Rebounds,6.5,6.4,0.5,8,0.529375,0.529375,0.529375,Active,0,0,-107,0.5169082125603864,0.0999999999999996,0.0999999999999996,1.01,1.0,0.0124667874396136,0.529375,0.5169082125603864,0.0124667874396136,1,0.53466875,52.9%,False,False,False,True,False,0.0,6.563588022824766e-05,0.3705821907640685,37.1%,0.0%
Cole Anthony,MIL,REB,Rebounds,3.5,3.3,0.5,8,0.524375,0.524375,0.524375,Active,0,0,-101,0.5024875621890548,0.2000000000000001,0.2000000000000001,1.02,1.0,0.0218874378109452,0.524375,0.5024875621890548,0.0218874378109452,1,0.5348625,52.4%,False,False,False,True,False,0.0,6.401994898194143e-05,0.3670817059846946,36.7%,0.0%
Tobias Harris,DET,REB,Rebounds,4.5,6.0,0.5,2,0.60625,0.60625,0.5153125,Questionable,0,1,-153,0.6047430830039525,-1.5,0.0,1.0,1.0,-0.0894305830039525,0.5153125,0.6047430830039525,-0.0894305830039525,1,0.5153125,51.5%,False,False,False,True,False,0.0,6.575438827631036e-05,0.3607384763164828,36.1%,0.0%
Jose Alvarado,NOP,REB,Rebounds,2.5,2.7,0.375,8,0.50375,0.50375,0.50375,Active,0,0,-107,0.5169082125603864,-0.2000000000000001,0.0,1.0,1.0,-0.0131582125603864,0.50375,0.5169082125603864,-0.0131582125603864,1,0.50375,50.4%,False,False,False,True,False,0.0,6.326883473252276e-05,0.3526439806504198,35.3%,0.0%
Saddiq Bey,NOP,REB,Rebounds,5.5,4.5,0.625,8,0.503125,0.503125,0.503125,Active,0,0,114,0.4672897196261682,1.0,1.0,1.1,1.0,0.0358352803738318,0.503125,0.4672897196261682,0.0358352803738318,1,0.5534375000000001,50.3%,False,False,False,True,False,0.0,6.32684679234514e-05,0.352206480540377,35.2%,0.0%
Kyshawn George,WAS,REB,Rebounds,5.5,5.9,0.375,8,0.5012500000000001,0.5012500000000001,0.5012500000000001,Active,0,0,-142,0.5867768595041323,-0.4000000000000003,0.0,1.0,1.0,-0.0855268595041321,0.5012500000000001,0.5867768595041323,-0.0855268595041321,1,0.5012500000000001,50.1%,False,False,False,True,False,0.0,6.575452573640583e-05,0.35089472635772095,35.1%,0.0%
P.J. Washington,DAL,REB,Rebounds,7.5,7.8,0.375,8,0.4993749999999999,0.4993749999999999,0.4993749999999999,Active,0,0,-123,0.5515695067264574,-0.2999999999999998,0.0,1.0,1.0,-0.0521945067264574,0.4993749999999999,0.5515695067264574,-0.0521945067264574,0,0.4993749999999999,49.9%,False,False,False,True,False,0.0,6.192566364491487e-05,0.34958107769909336,35.0%,0.0%
Jalen Duren,DET,REB,Rebounds,12.5,11.9,0.5,8,0.4981250000000001,0.4981250000000001,0.4981250000000001,Active,0,0,-113,0.5305164319248826,0.5999999999999996,0.5999999999999996,1.06,1.0,-0.0323914319248825,0.4981250000000001,0.5305164319248826,-0.0323914319248825,0,0.5280125000000001,49.8%,False,False,False,True,False,0.0,5.9552254919376056e-05,0.34870536567647586,34.9%,0.0%
Santi Aldama,MEM,REB,Rebounds,6.5,6.7,0.375,8,0.4975,0.4975,0.4975,Active,0,0,114,0.4672897196261682,-0.2000000000000001,0.0,1.0,1.0,0.0302102803738318,0.4975,0.4672897196261682,0.0302102803738318,0,0.4975,49.8%,False,False,False,True,False,0.0,6.68062096968745e-05,0.34827004186290905,34.8%,0.0%
Brandon Williams,DAL,REB,Rebounds,3.5,2.7,0.5,8,0.46625,0.46625,0.46625,Active,0,0,112,0.4716981132075472,0.7999999999999998,0.7999999999999998,1.08,1.0,-0.0054481132075471,0.46625,0.4716981132075472,-0.0054481132075471,0,0.50355,46.6%,False,False,False,True,False,0.0,6.326883473252276e-05,0.32639398065041975,32.6%,0.0%
Jeremiah Fears,NOP,REB,Rebounds,3.5,3.2,0.375,8,0.4475,0.4475,0.4475,Active,0,0,112,0.4716981132075472,0.2999999999999998,0.2999999999999998,1.03,1.0,-0.0241981132075471,0.4475,0.4716981132075472,-0.0241981132075471,0,0.4609250000000001,44.8%,False,False,False,True,False,0.0,6.326916498356017e-05,0.31326898074949505,31.3%,0.0%
Dennis Schroder,,REB,Rebounds,2.5,0.0,0.625,8,0.415625,0.415625,0.415625,,0,0,-166,0.6240601503759399,2.5,2.5,1.25,1.0,-0.2084351503759398,0.415625,0.6240601503759399,-0.2084351503759398,0,0.51953125,41.6%,False,False,False,True,False,0.0,5.356831161972504e-05,0.2909535704934859,29.1%,0.0%
Jonas Valanciunas,,REB,Rebounds,4.5,0.0,0.625,8,0.396875,0.396875,0.396875,,0,0,-149,0.5983935742971888,4.5,4.5,1.45,1.0,-0.2015185742971887,0.396875,0.5983935742971888,-0.2015185742971887,0,0.57546875,39.7%,False,False,False,True,False,0.0,5.3568340576890006e-05,0.277828570502173,27.8%,0.0%
Josh Hart,NYK,REB,Rebounds,7.5,6.8,0.375,8,0.39,0.39,0.39,Active,0,0,-102,0.504950495049505,0.7000000000000002,0.7000000000000002,1.07,1.0,-0.1149504950495049,0.39,0.504950495049505,-0.1149504950495049,0,0.4173,39.0%,False,False,False,True,False,0.0,6.418474869352006e-05,0.27301925542460803,27.3%,0.0%
Daniel Gafford,DAL,REB,Rebounds,7.5,6.2,0.5,8,0.3787500000000001,0.3787500000000001,0.3787500000000001,Active,0,0,-109,0.5215311004784688,1.2999999999999998,1.2999999999999998,1.13,1.0,-0.1427811004784687,0.3787500000000001,0.5215311004784688,-0.1427811004784687,0,0.4279875000000001,37.9%,False,False,False,True,False,0.0,6.23204528443644e-05,0.26514369613585337,26.5%,0.0%
Bilal Coulibaly,WAS,REB,Rebounds,4.5,4.1,0.2857142857142857,7,0.3782142857142856,0.3782142857142856,0.3782142857142856,Active,0,0,108,0.4807692307692308,0.4000000000000003,0.4000000000000003,1.04,1.0,-0.1025549450549451,0.3782142857142856,0.4807692307692308,-0.1025549450549451,0,0.3933428571428571,37.8%,False,False,False,True,False,0.0,6.078598804542889e-05,0.26476823579641356,26.5%,0.0%
Peyton Watson,DEN,REB,Rebounds,5.5,4.6,0.375,8,0.3768749999999999,0.3768749999999999,0.3768749999999999,Active,0,0,-129,0.5633187772925764,0.9000000000000004,0.9000000000000004,1.09,1.0,-0.1864437772925764,0.3768749999999999,0.5633187772925764,-0.1864437772925764,0,0.41079375,37.7%,False,False,False,True,False,0.0,6.0785706517511536e-05,0.26383073571195514,26.4%,0.0%
Kevin Huerter,CHI,REB,Rebounds,3.5,3.8,0.25,8,0.443125,0.443125,0.3766562499999999,Questionable,0,1,119,0.45662100456621,-0.2999999999999998,0.0,1.0,1.0,-0.07996475456621,0.3766562499999999,0.45662100456621,-0.07996475456621,0,0.3766562499999999,37.7%,False,False,False,True,False,0.0,6.078602906476247e-05,0.2636776108087193,26.4%,0.0%
Jaylen Wells,MEM,REB,Rebounds,3.5,3.3,0.25,8,0.365,0.365,0.365,Active,0,0,117,0.4608294930875576,0.2000000000000001,0.2000000000000001,1.02,1.0,-0.0958294930875576,0.365,0.4608294930875576,-0.0958294930875576,0,0.3723,36.5%,False,False,False,True,False,0.0,5.921150260675648e-05,0.25551776345078203,25.6%,0.0%
Myles Turner,MIL,REB,Rebounds,7.5,6.5,0.375,8,0.34375,0.34375,0.34375,Active,0,0,114,0.4672897196261682,1.0,1.0,1.1,1.0,-0.1235397196261681,0.34375,0.4672897196261682,-0.1235397196261681,0,0.3781250000000001,34.4%,False,False,False,True,False,0.0,6.252219149125931e-05,0.24064375665744736,24.1%,0.0%
Nickeil Alexander-Walker,ATL,REB,Rebounds,3.5,2.9,0.25,8,0.3325,0.3325,0.3325,Active,0,0,127,0.4405286343612334,0.6000000000000001,0.6000000000000001,1.06,1.25,-0.1080286343612333,0.3325,0.4405286343612334,-0.1080286343612333,0,0.4405625000000001,33.2%,False,False,False,True,False,0.0,5.715828237253377e-05,0.23276714748471175,23.3%,0.0%
Cameron Johnson,DEN,REB,Rebounds,3.5,2.9,0.25,8,0.32625,0.32625,0.32625,Active,0,0,-123,0.5515695067264574,0.6000000000000001,0.6000000000000001,1.06,1.0,-0.2253195067264574,0.32625,0.5515695067264574,-0.2253195067264574,0,0.345825,32.6%,False,False,False,True,False,0.0,5.4678573378984334e-05,0.22839140357201365,22.8%,0.0%
Coby White,CHI,REB,Rebounds,3.5,2.5,0.5,2,0.3125,0.3125,0.3125,Active,0,0,100,0.5,1.0,1.0,1.1,1.0,-0.1875,0.3125,0.5,-0.1875,0,0.34375,31.2%,False,False,False,True,False,0.0,5.4678573378984334e-05,0.21876640357201368,21.9%,0.0%
Nikola Jokic,,REB,Rebounds,12.5,0.0,0.375,8,0.259375,0.259375,0.259375,,0,0,-107,0.5169082125603864,12.5,12.5,2.25,1.0,-0.2575332125603864,0.259375,0.5169082125603864,-0.2575332125603864,0,0.58359375,25.9%,False,False,False,True,False,0.0,4.969083418278214e-05,0.18157740725025484,18.2%,0.0%
Kristaps Porzingis,,REB,Rebounds,6.5,0.0,0.375,8,0.240625,0.240625,0.240625,,0,0,104,0.4901960784313725,6.5,6.5,1.65,1.0,-0.2495710784313724,0.240625,0.4901960784313725,-0.2495710784313724,0,0.39703125,24.1%,False,False,False,True,False,0.0,4.969074248216547e-05,0.16845240722274463,16.8%,0.0%
Kyle Kuzma,MIL,REB,Rebounds,5.5,4.3,0.25,8,0.2525,0.2525,0.2146249999999999,Questionable,0,1,110,0.4761904761904761,1.2000000000000002,1.2000000000000002,1.12,1.0,-0.2615654761904761,0.2146249999999999,0.4761904761904761,-0.2615654761904761,0,0.24038,21.5%,False,False,False,True,False,0.0,5.4125778713377724e-05,0.15025373773361392,15.0%,0.0%
Zach Edey,MEM,REB,Rebounds,9.5,7.3,0.3333333333333333,3,0.2033333333333333,0.2033333333333333,0.2033333333333333,Active,0,0,-102,0.504950495049505,2.2,2.2,1.22,1.0,-0.3016171617161716,0.2033333333333333,0.504950495049505,-0.3016171617161716,0,0.2480666666666667,20.3%,False,False,False,True,False,0.0,7.208374113982534e-05,0.14235495845567525,14.2%,0.0%
Drew Eubanks,SAC,REB,Rebounds,4.5,2.9,0.25,8,0.2025,0.2025,0.2025,Active,0,0,-126,0.5575221238938053,1.6,1.6,1.16,1.0,-0.3550221238938053,0.2025,0.5575221238938053,-0.3550221238938053,0,0.2349,20.2%,False,False,False,True,False,0.0,6.083968371778533e-05,0.14176825190511533,14.2%,0.0%
Ayo Dosunmu,CHI,REB,Rebounds,3.5,2.5,0.125,8,0.20125,0.20125,0.20125,Active,0,0,110,0.4761904761904761,1.0,1.0,1.1,1.0,-0.274940476190476,0.20125,0.4761904761904761,-0.274940476190476,0,0.221375,20.1%,False,False,False,True,False,0.0,6.083972477335137e-05,0.14089325191743202,14.1%,0.0%
Keegan Murray,SAC,REB,Rebounds,5.5,3.0,0.0,1,0.195,0.195,0.195,Active,0,0,102,0.495049504950495,2.5,2.5,1.25,1.0,-0.300049504950495,0.195,0.495049504950495,-0.300049504950495,0,0.24375,19.5%,False,False,False,True,False,0.0,6.083968371778533e-05,0.13651825190511532,13.7%,0.0%
Nikola Vucevic,,REB,Rebounds,9.5,0.0,0.125,8,0.08875,0.08875,0.08875,,0,0,-131,0.5670995670995671,9.5,9.5,1.95,1.0,-0.4783495670995671,0.08875,0.5670995670995671,-0.4783495670995671,0,0.1730625,8.9%,False,False,False,True,False,0.0,4.9188752048026864e-05,0.0621397566256144,6.2%,0.0%
Wendell Carter Jr,,REB,Rebounds,7.5,0.0,,0,,,0.0,,0,0,-128,0.5614035087719298,7.5,7.5,1.75,1.0,0.0,0.0,0.5614035087719298,0.0,0,0.0,~0%,False,False,False,True,False,0.0,4.9188752048026864e-05,1.4756625614408061e-05,0.0%,0.0%
Herb Jones,,REB,Rebounds,3.5,0.0,,0,,,0.0,,0,0,-113,0.5305164319248826,3.5,3.5,1.35,1.0,0.0,0.0,0.5305164319248826,0.0,0,0.0,~0%,False,False,False,True,False,0.0,4.986255292297348e-05,1.4958765876892045e-05,0.0%,0.0%
C.J. McCollum,,REB,Rebounds,3.5,0.0,,0,,,0.0,,0,0,123,0.4484304932735426,3.5,3.5,1.35,1.25,0.0,0.0,0.4484304932735426,0.0,0,0.0,~0%,False,False,False,True,False,0.0,4.986255292297348e-05,1.4958765876892045e-05,0.0%,0.0%
Isaiah Stewart II,,REB,Rebounds,6.5,0.0,,0,,,0.0,,0,0,117,0.4608294930875576,6.5,6.5,1.65,1.0,0.0,0.0,0.4608294930875576,0.0,0,0.0,~0%,False,False,False,True,False,0.0,4.918866127391861e-05,1.4756598382175585e-05,0.0%,0.0%
Vincent Williams Jr,,REB,Rebounds,5.5,0.0,,0,,,0.0,,0,0,112,0.4716981132075472,5.5,5.5,1.55,1.0,0.0,0.0,0.4716981132075472,0.0,0,0.0,~0%,False,False,False,True,False,0.0,4.986251927459957e-05,1.4958755782379873e-05,0.0%,0.0%
DeMar DeRozan,SAC,STL,Steals,0.5,0.0,0.875,8,0.6737500000000001,0.6737500000000001,0.6737500000000001,Active,0,0,-232,0.6987951807228916,0.5,0.5,1.05,1.0,-0.0250451807228915,0.6737500000000001,0.6987951807228916,-0.0250451807228915,1,0.7074375,67.4%,False,False,False,False,True,0.0,6.098805968734182e-05,0.4716432964179062,47.2%,0.0%
Franz Wagner,ORL,STL,Steals,0.5,0.0,0.75,8,0.605,0.605,0.605,Active,0,0,-222,0.6894409937888198,0.5,0.5,1.05,1.0,-0.0844409937888198,0.605,0.6894409937888198,-0.0844409937888198,1,0.63525,60.5%,False,False,False,False,True,0.0,5.6806501989085646e-05,0.4235170419505967,42.4%,0.0%
Josh Hart,NYK,STL,Steals,0.5,0.0,0.75,8,0.605,0.605,0.605,Active,0,0,-217,0.6845425867507886,0.5,0.5,1.05,1.0,-0.0795425867507886,0.605,0.6845425867507886,-0.0795425867507886,1,0.63525,60.5%,False,False,False,False,True,0.0,5.6806501989085646e-05,0.4235170419505967,42.4%,0.0%
Karl-Anthony Towns,NYK,STL,Steals,0.5,0.0,0.625,8,0.53625,0.53625,0.53625,Active,0,0,-243,0.7084548104956269,0.5,0.5,1.05,1.0,-0.1722048104956268,0.53625,0.7084548104956269,-0.1722048104956268,1,0.5630625,53.6%,False,False,False,False,True,0.0,4.9095075793200265e-05,0.37538972852273794,37.5%,0.0%
Jamal Murray,DEN,STL,Steals,0.5,0.0,0.625,8,0.53625,0.53625,0.53625,Active,0,0,-238,0.7041420118343196,0.5,0.5,1.05,1.0,-0.1678920118343195,0.53625,0.7041420118343196,-0.1678920118343195,1,0.5630625,53.6%,False,False,False,False,True,0.0,4.9095075793200265e-05,0.37538972852273794,37.5%,0.0%
Malik Monk,SAC,STL,Steals,0.5,0.0,0.625,8,0.5241071428571429,0.5241071428571429,0.5241071428571429,Active,0,0,-116,0.5370370370370371,0.5,0.5,1.05,1.0,-0.0129298941798942,0.5241071428571429,0.5370370370370371,-0.0129298941798942,1,0.5503125000000001,52.4%,False,False,False,False,True,0.0,4.9095075793200265e-05,0.366889728522738,36.7%,0.0%
Desmond Bane,ORL,STL,Steals,0.5,0.0,0.5,8,0.4625,0.4625,0.4625,Active,0,0,-142,0.5867768595041323,0.5,0.5,1.05,1.0,-0.1242768595041322,0.4625,0.5867768595041323,-0.1242768595041322,0,0.485625,46.2%,False,False,False,False,True,0.0,4.909545370668866e-05,0.323764728636112,32.4%,0.0%
Jaylen Wells,MEM,STL,Steals,0.5,0.0,0.5,8,0.4625,0.4625,0.4625,Active,0,0,-144,0.5901639344262295,0.5,0.5,1.05,1.0,-0.1276639344262294,0.4625,0.5901639344262295,-0.1276639344262294,0,0.485625,46.2%,False,False,False,False,True,0.0,4.909545370668866e-05,0.323764728636112,32.4%,0.0%
Santi Aldama,MEM,STL,Steals,0.5,0.0,0.5,8,0.4482142857142857,0.4482142857142857,0.4482142857142857,Active,0,0,-227,0.6941896024464832,0.5,0.5,1.05,1.0,-0.2459753167321974,0.4482142857142857,0.6941896024464832,-0.2459753167321974,0,0.470625,44.8%,False,False,False,False,True,0.0,4.909545370668866e-05,0.313764728636112,31.4%,0.0%
Nikola Vucevic,,STL,Steals,0.5,0.0,0.5,8,0.44375,0.44375,0.44375,,0,0,-175,0.6363636363636364,0.5,0.5,1.05,1.0,-0.1926136363636363,0.44375,0.6363636363636364,-0.1926136363636363,0,0.4659375,44.4%,False,False,False,False,True,0.0,4.909545370668866e-05,0.310639728636112,31.1%,0.0%
Dennis Schroder,,STL,Steals,0.5,0.0,0.5,8,0.4375,0.4375,0.4375,,0,0,-178,0.6402877697841727,0.5,0.5,1.05,1.0,-0.2027877697841726,0.4375,0.6402877697841727,-0.2027877697841726,0,0.459375,43.8%,False,False,False,False,True,0.0,4.909545370668866e-05,0.306264728636112,30.6%,0.0%
Mikal Bridges,NYK,STL,Steals,1.5,0.0,0.625,8,0.42375,0.42375,0.42375,Active,0,0,104,0.4901960784313725,1.5,1.5,1.15,1.0,-0.0664460784313724,0.42375,0.4901960784313725,-0.0664460784313724,0,0.4873125,42.4%,False,False,False,False,True,0.0,5.2089270481874625e-05,0.29664062678114456,29.7%,0.0%
Jeremiah Fears,NOP,STL,Steals,1.5,0.0,0.625,8,0.42375,0.42375,0.42375,Active,0,0,110,0.4761904761904761,1.5,1.5,1.15,1.0,-0.052440476190476,0.42375,0.4761904761904761,-0.052440476190476,0,0.4873125,42.4%,False,False,False,False,True,0.0,5.2089270481874625e-05,0.29664062678114456,29.7%,0.0%
Trey Murphy III,NOP,STL,Steals,1.5,0.0,0.625,8,0.42375,0.42375,0.42375,Active,0,0,121,0.4524886877828054,1.5,1.5,1.15,1.0,-0.0287386877828053,0.42375,0.4524886877828054,-0.0287386877828053,0,0.4873125,42.4%,False,False,False,False,True,0.0,5.2089270481874625e-05,0.29664062678114456,29.7%,0.0%
Alex Sarr,WAS,STL,Steals,0.5,0.0,0.375,8,0.38375,0.38375,0.38375,Active,0,0,-153,0.6047430830039525,0.5,0.5,1.05,1.0,-0.2209930830039524,0.38375,0.6047430830039525,-0.2209930830039524,0,0.4029375,38.4%,False,False,False,False,True,0.0,4.791605100233115e-05,0.26863937481530065,26.9%,0.0%
Kyshawn George,WAS,STL,Steals,0.5,0.0,0.375,8,0.3770833333333334,0.3770833333333334,0.3770833333333334,Active,0,0,-196,0.6621621621621622,0.5,0.5,1.05,1.0,-0.2850788288288288,0.3770833333333334,0.6621621621621622,-0.2850788288288288,0,0.3959375,37.7%,False,False,False,False,True,0.0,4.791605100233115e-05,0.26397270814863405,26.4%,0.0%
Coby White,CHI,STL,Steals,0.5,0.0,1.0,2,0.3675,0.3675,0.3675,Active,0,0,-212,0.6794871794871795,0.5,0.5,1.05,1.0,-0.3119871794871795,0.3675,0.6794871794871795,-0.3119871794871795,0,0.385875,36.8%,False,False,False,False,True,0.0,4.667487704986241e-05,0.2572640024631149,25.7%,0.0%
Cooper Flagg,DAL,STL,Steals,1.5,0.0,0.5,8,0.325,0.325,0.325,Active,0,0,142,0.4132231404958678,1.5,1.5,1.15,1.25,-0.0882231404958677,0.325,0.4132231404958678,-0.0882231404958677,0,0.4671875,32.5%,False,False,False,False,True,0.0,4.898073173134709e-05,0.2275146942195194,22.8%,0.0%
Dyson Daniels,ATL,STL,Steals,2.5,0.0,0.5,8,0.3125,0.3125,0.3125,Active,0,0,-121,0.5475113122171946,2.5,2.5,1.25,1.0,-0.2350113122171946,0.3125,0.5475113122171946,-0.2350113122171946,0,0.390625,31.2%,False,False,False,False,True,0.0,4.898073173134709e-05,0.2187646942195194,21.9%,0.0%
Brandon Williams,DAL,STL,Steals,1.5,0.0,0.375,8,0.26875,0.26875,0.26875,Active,0,0,122,0.4504504504504504,1.5,1.5,1.15,1.0,-0.1817004504504503,0.26875,0.4504504504504504,-0.1817004504504503,0,0.3090625,26.9%,False,False,False,False,True,0.0,4.898073173134709e-05,0.1881396942195194,18.8%,0.0%
Ryan Rollins,MIL,STL,Steals,1.5,0.0,0.375,8,0.25,0.25,0.25,Active,0,0,116,0.4629629629629629,1.5,1.5,1.15,1.0,-0.2129629629629629,0.25,0.4629629629629629,-0.2129629629629629,0,0.2875,25.0%,False,False,False,False,True,0.0,4.898073173134709e-05,0.1750146942195194,17.5%,0.0%
Jalen Suggs,ORL,STL,Steals,1.5,0.0,0.375,8,0.2479166666666666,0.2479166666666666,0.2479166666666666,Active,0,0,108,0.4807692307692308,1.5,1.5,1.15,1.0,-0.2328525641025641,0.2479166666666666,0.4807692307692308,-0.2328525641025641,0,0.2851041666666666,24.8%,False,False,False,False,True,0.0,4.898073173134709e-05,0.173556360886186,17.4%,0.0%
Nikola Jokic,,STL,Steals,1.5,0.0,0.375,8,0.2375,0.2375,0.2375,,0,0,-123,0.5515695067264574,1.5,1.5,1.15,1.0,-0.3140695067264574,0.2375,0.5515695067264574,-0.3140695067264574,0,0.273125,23.8%,False,False,False,False,True,0.0,4.898073173134709e-05,0.1662646942195194,16.6%,0.0%
Jalen Johnson,ATL,STL,Steals,1.5,0.0,0.25,8,0.2175,0.2175,0.2175,Active,0,0,-101,0.5024875621890548,1.5,1.5,1.15,1.0,-0.2849875621890547,0.2175,0.5024875621890548,-0.2849875621890547,0,0.250125,21.8%,False,False,False,False,True,0.0,4.848559540040361e-05,0.1522645456786201,15.2%,0.0%
Cade Cunningham,DET,STL,Steals,1.5,0.0,0.25,8,0.2175,0.2175,0.2175,Active,0,0,129,0.4366812227074236,1.5,1.5,1.15,1.25,-0.2191812227074235,0.2175,0.4366812227074236,-0.2191812227074235,0,0.3126562499999999,21.8%,False,False,False,False,True,0.0,4.848559540040361e-05,0.1522645456786201,15.2%,0.0%
Bilal Coulibaly,WAS,STL,Steals,1.5,0.0,0.2857142857142857,7,0.1988095238095238,0.1988095238095238,0.1988095238095238,Active,0,0,137,0.4219409282700422,1.5,1.5,1.15,1.25,-0.2231314044605184,0.1988095238095238,0.4219409282700422,-0.2231314044605184,0,0.2857886904761904,19.9%,False,False,False,False,True,0.0,4.848559540040361e-05,0.13918121234528677,13.9%,0.0%
Jalen Brunson,NYK,STL,Steals,0.5,0.0,0.125,8,0.21875,0.21875,0.1859375,Probable,0,1,-212,0.6794871794871795,0.5,0.5,1.05,1.0,-0.4935496794871795,0.1859375,0.6794871794871795,-0.4935496794871795,0,0.195234375,18.6%,False,False,False,False,True,0.0,4.4600868403323534e-05,0.130169630260521,13.0%,0.0%
Josh Giddey,CHI,STL,Steals,1.5,0.0,0.25,8,0.1625,0.1625,0.1625,Active,0,0,146,0.4065040650406504,1.5,1.5,1.15,1.25,-0.2440040650406504,0.1625,0.4065040650406504,-0.2440040650406504,0,0.23359375,16.2%,False,False,False,False,True,0.0,4.84858242088333e-05,0.11376454574726264,11.4%,0.0%
Kristaps Porzingis,,STL,Steals,0.5,0.0,0.0,8,0.1375,0.1375,0.1375,,0,0,-163,0.6197718631178707,0.5,0.5,1.05,1.0,-0.4822718631178707,0.1375,0.6197718631178707,-0.4822718631178707,0,0.144375,13.8%,False,False,False,False,True,0.0,4.460107888015114e-05,0.09626338032366405,9.6%,0.0%
P.J. Washington,DAL,STL,Steals,1.5,0.0,0.125,8,0.1,0.1,0.1,Active,0,0,177,0.3610108303249097,1.5,1.5,1.15,1.25,-0.2610108303249097,0.1,0.3610108303249097,-0.2610108303249097,0,0.14375,10.0%,False,False,False,False,True,0.0,4.84858242088333e-05,0.07001454574726264,7.0%,0.0%
Herb Jones,,STL,Steals,1.5,0.0,,0,,,0.0,,0,0,-104,0.5098039215686274,1.5,1.5,1.15,1.0,0.0,0.0,0.5098039215686274,0.0,0,0.0,~0%,False,False,False,False,True,0.0,4.84858242088333e-05,1.4545747262649991e-05,0.0%,0.0%
C.J. McCollum,,STL,Steals,0.5,0.0,,0,,,0.0,,0,0,-161,0.6168582375478927,0.5,0.5,1.05,1.0,0.0,0.0,0.6168582375478927,0.0,0,0.0,~0%,False,False,False,False,True,0.0,4.460107888015114e-05,1.3380323664045344e-05,0.0%,0.0%
Gary Trent Jr,,STL,Steals,1.5,0.0,,0,,,0.0,,0,0,167,0.3745318352059925,1.5,1.5,1.15,1.25,0.0,0.0,0.3745318352059925,0.0,0,0.0,~0%,False,False,False,False,True,0.0,4.84858242088333e-05,1.4545747262649991e-05,0.0%,0.0%
