PLAYER,TEAM,TEAM_FULL,GAME_DATE,r3_PTS,r5_PTS,r3_FG3_PCT,r5_FG3_PCT,r3_EFG,r5_EFG,r3_TS,r5_TS
Jahmir Young,MIA,Miami Heat,2025-10-28,0.0,0.0,0.0,0.0,0.0,0.0,0.0,0.0
Myron Gardner,MIA,Miami Heat,2025-10-28,3.0,3.0,100.0,100.0,150.0,150.0,150.0,150.0
DeAndre Jordan,NO,New Orleans Pelicans,2025-10-29,2.0,2.0,0.0,0.0,100.0,100.0,100.0,100.0
Matisse Thybulle,POR,Portland Trail Blazers,2025-10-29,3.0,3.0,100.0,100.0,150.0,150.0,150.0,150.0
Anthony Davis,DAL,Dallas Mavericks,2025-10-29,4.0,4.0,0.0,0.0,50.0,50.0,50.0,50.0
Trae Young,ATL,Atlanta Hawks,2025-10-29,6.0,6.0,0.0,0.0,50.0,50.0,56.390977443609025,56.390977443609025
Orlando Robinson,ORL,Orlando Magic,2025-10-30,0.0,0.0,0.0,0.0,0.0,0.0,0.0,0.0
Walker Kessler,UTAH,Utah Jazz,2025-10-31,11.0,11.0,37.5,37.5,55.41666666666667,55.41666666666667,53.78378378378378,53.78378378378378
Blake Wesley,POR,Portland Trail Blazers,2025-10-31,7.5,7.5,20.0,20.0,55.714285714285715,55.714285714285715,56.972789115646265,56.972789115646265
Dylan Cardwell,SAC,Sacramento Kings,2025-11-01,2.0,2.0,0.0,0.0,100.0,100.0,100.0,100.0
Amari Williams,BOS,Boston Celtics,2025-11-01,2.0,2.0,0.0,0.0,50.0,50.0,50.0,50.0
Tobias Harris,DET,Detroit Pistons,2025-11-01,17.0,17.0,22.5,22.5,47.27564102564103,47.27564102564103,56.13090306545153,56.13090306545153
Tidjane Salaun,CHA,Charlotte Hornets,2025-11-02,0.6666666666666666,1.25,0.0,0.0,6.666666666666667,5.0,6.666666666666667,12.8781512605042
Dylan Harper,SA,San Antonio Spurs,2025-11-02,12.5,12.5,20.0,20.0,61.25,61.25,63.65510731319554,63.65510731319554
Harrison Ingram,SA,San Antonio Spurs,2025-11-02,2.0,2.0,0.0,0.0,50.0,50.0,50.0,50.0
Kyle Lowry,PHI,Philadelphia 76ers,2025-11-02,3.0,3.0,100.0,100.0,150.0,150.0,150.0,150.0
Riley Minix,SA,San Antonio Spurs,2025-11-02,9.0,9.0,33.33333333333333,33.33333333333333,75.0,75.0,75.0,75.0
Koby Brea,PHX,Phoenix Suns,2025-11-02,4.0,4.0,0.0,0.0,50.0,50.0,69.44444444444444,69.44444444444444
Kawhi Leonard,LAC,LA Clippers,2025-11-03,26.333333333333332,26.333333333333332,37.5,37.5,60.291199813258636,60.291199813258636,65.47160840725262,65.47160840725262
Johnny Furphy,IND,Indiana Pacers,2025-11-03,4.0,4.0,75.0,75.0,68.75,68.75,68.75,68.75
Terrence Shannon Jr.,MIN,Minnesota Timberwolves,2025-11-03,1.6666666666666667,1.6666666666666667,0.0,0.0,11.111111111111109,11.111111111111109,30.617094392045043,30.617094392045043
Mac McClung,IND,Indiana Pacers,2025-11-03,6.333333333333333,6.333333333333333,16.666666666666664,16.666666666666664,31.944444444444443,31.944444444444443,34.53708602982078,34.53708602982078
Quenton Jackson,IND,Indiana Pacers,2025-11-03,15.666666666666666,13.75,41.666666666666664,31.25,53.125,54.129464285714285,64.0315502486465,62.30937697219916
Jordan Poole,NO,New Orleans Pelicans,2025-11-04,17.333333333333332,15.25,30.911680911680914,26.755189255189254,45.20202020202021,39.583333333333336,54.14345337603436,49.42420445208847
Taurean Prince,MIL,Milwaukee Bucks,2025-11-04,3.0,5.4,33.333333333333336,38.33333333333333,41.666666666666664,56.66666666666667,41.666666666666664,58.661202185792355
Charles Bassey,MEM,Memphis Grizzlies,2025-11-05,3.5,3.5,0.0,0.0,36.666666666666664,36.666666666666664,37.712249848392965,37.712249848392965
Cam Thomas,BKN,Brooklyn Nets,2025-11-05,18.0,18.25,27.38095238095238,27.678571428571427,33.88157894736842,34.161184210526315,37.7934045063982,38.83533606531102
Aaron Wiggins,OKC,Oklahoma City Thunder,2025-11-05,18.0,16.0,56.666666666666664,42.0,66.41148325358851,57.30143540669856,65.56857137619387,57.610735302205356
Hunter Sallis,PHI,Philadelphia 76ers,2025-11-05,1.0,1.0,0.0,0.0,50.0,50.0,50.0,50.0
Johni Broome,PHI,Philadelphia 76ers,2025-11-05,2.0,2.0,0.0,0.0,20.0,20.0,20.0,20.0
Yanic Konan Niederhauser,LAC,LA Clippers,2025-11-06,3.0,3.0,0.0,0.0,50.0,50.0,55.49645390070922,55.49645390070922
Jahmyl Telfort,LAC,LA Clippers,2025-11-06,0.3333333333333333,0.3333333333333333,0.0,0.0,0.0,0.0,6.03864734299517,6.03864734299517
Jordan McLaughlin,SA,San Antonio Spurs,2025-11-07,4.0,4.5,33.333333333333336,41.666666666666664,29.76190476190476,41.07142857142857,31.72043010752688,42.54032258064516
Anthony Gill,WSH,Washington Wizards,2025-11-07,1.6666666666666667,1.6666666666666667,33.333333333333336,33.333333333333336,83.33333333333333,83.33333333333333,83.33333333333333,83.33333333333333
Javon Small,MEM,Memphis Grizzlies,2025-11-07,0.6666666666666666,1.25,0.0,25.0,16.666666666666668,31.25,16.666666666666668,31.25
Taylor Hendricks,UTAH,Utah Jazz,2025-11-07,2.0,4.0,0.0,13.333333333333332,17.777777777777775,25.666666666666664,17.777777777777775,26.432432432432428
N'Faly Dante,ATL,Atlanta Hawks,2025-11-08,1.0,1.0,0.0,0.0,50.0,50.0,50.0,50.0
Ryan Nembhard,DAL,Dallas Mavericks,2025-11-08,3.0,3.0,0.0,0.0,30.0,30.0,27.573529411764703,27.573529411764703
Ochai Agbaji,TOR,Toronto Raptors,2025-11-08,1.3333333333333333,1.6,0.0,0.0,16.666666666666668,16.666666666666664,16.666666666666668,23.05110769905681
Joel Embiid,PHI,Philadelphia 76ers,2025-11-08,23.0,23.5,30.555555555555554,35.416666666666664,50.44642857142858,53.27599789915966,59.045176580231534,60.19528773048934
Jacob Toppin,ATL,Atlanta Hawks,2025-11-08,2.0,2.0,0.0,0.0,50.0,50.0,50.0,50.0
Jalen Green,PHX,Phoenix Suns,2025-11-08,15.5,15.5,23.076923076923077,23.076923076923077,49.166666666666664,49.166666666666664,49.32432432432432,49.32432432432432
Jamir Watkins,WSH,Washington Wizards,2025-11-08,2.0,2.0,0.0,0.0,25.0,25.0,25.0,25.0
Bradley Beal,LAC,LA Clippers,2025-11-08,9.666666666666666,9.5,40.0,42.5,49.470899470899475,48.04067460317461,48.71781845466055,49.207282759914335
Eric Gordon,PHI,Philadelphia 76ers,2025-11-09,0.0,0.0,0.0,0.0,0.0,0.0,0.0,0.0
Jaylon Tyson,CLE,Cleveland Cavaliers,2025-11-10,12.0,12.8,58.333333333333336,52.090909090909086,57.38095238095237,60.85714285714285,60.97902358913108,63.33850240041177
Darius Garland,CLE,Cleveland Cavaliers,2025-11-10,13.0,13.0,35.44973544973545,35.44973544973545,40.130471380471384,40.130471380471384,47.618733877101,47.618733877101
Cody Martin,IND,Indiana Pacers,2025-11-11,1.6666666666666667,1.75,0.0,0.0,6.666666666666667,13.333333333333332,34.47130883301096,34.18681495809155
Ben Saraf,BKN,Brooklyn Nets,2025-11-11,2.3333333333333335,2.3333333333333335,33.333333333333336,33.333333333333336,50.0,50.0,54.81099656357389,54.81099656357389
Walter Clayton Jr.,UTAH,Utah Jazz,2025-11-11,6.0,6.2,24.444444444444443,34.666666666666664,45.833333333333336,57.5,61.28917378917379,67.78701778701779
Jonathan Mogbo,TOR,Toronto Raptors,2025-11-11,0.0,0.0,0.0,0.0,0.0,0.0,0.0,0.0
Ron Harper Jr.,BOS,Boston Celtics,2025-11-12,4.0,4.0,50.0,50.0,85.0,85.0,85.0,85.0
PJ Hall,MEM,Memphis Grizzlies,2025-11-12,1.3333333333333333,1.5,0.0,0.0,16.666666666666668,12.5,15.015015015015015,24.559133601686792
Pacome Dadiet,NY,New York Knicks,2025-11-12,1.3333333333333333,0.8,0.0,0.0,16.666666666666668,10.0,28.240740740740744,16.944444444444446
Doug McDermott,SAC,Sacramento Kings,2025-11-12,6.0,6.0,66.66666666666666,66.66666666666666,100.0,100.0,100.0,100.0
Noah Penda,ORL,Orlando Magic,2025-11-12,1.3333333333333333,2.0,0.0,20.0,11.111111111111109,31.666666666666664,17.182130584192443,35.725945017182134
Olivier-Maxence Prosper,MEM,Memphis Grizzlies,2025-11-12,2.6666666666666665,2.8,0.0,0.0,9.523809523809524,19.047619047619044,15.220700152207002,24.596337617097397
Devin Carter,SAC,Sacramento Kings,2025-11-12,4.333333333333333,2.6,11.111111111111109,6.666666666666666,13.888888888888891,8.333333333333334,23.328471508602117,13.99708290516127
Tolu Smith,DET,Detroit Pistons,2025-11-12,6.0,6.0,0.0,0.0,75.0,75.0,75.0,75.0
Paolo Banchero,ORL,Orlando Magic,2025-11-12,20.0,19.4,22.222222222222218,19.999999999999996,47.4537037037037,44.97222222222222,57.37035251258974,55.85523192842851
Pete Nance,MIL,Milwaukee Bucks,2025-11-12,10.0,10.0,66.66666666666666,66.66666666666666,100.0,100.0,100.0,100.0
GG Jackson,MEM,Memphis Grizzlies,2025-11-12,2.3333333333333335,1.75,0.0,0.0,11.111111111111109,8.333333333333332,32.60059612518629,24.450447093889718
Tre Jones,CHI,Chicago Bulls,2025-11-12,16.0,14.6,0.0,0.0,45.55555555555555,48.22222222222222,58.987596629741795,57.73081395534156
Hunter Tyson,DEN,Denver Nuggets,2025-11-12,0.0,0.0,0.0,0.0,0.0,0.0,0.0,0.0
Daeqwon Plowden,SAC,Sacramento Kings,2025-11-12,2.0,2.0,0.0,0.0,20.0,20.0,20.0,20.0
Chris Boucher,BOS,Boston Celtics,2025-11-12,3.6666666666666665,3.6666666666666665,16.666666666666668,16.666666666666668,50.0,50.0,50.0,50.0
Malaki Branham,WSH,Washington Wizards,2025-11-12,1.3333333333333333,3.8,0.0,10.0,16.666666666666668,38.66666666666667,34.39716312056738,48.31779521876878
Kobe Brown,LAC,LA Clippers,2025-11-12,3.6666666666666665,2.6,33.333333333333336,20.0,55.555555555555564,53.333333333333336,55.32646048109965,53.19587628865979
Kristaps Porzingis,ATL,Atlanta Hawks,2025-11-12,16.666666666666668,16.0,24.76190476190476,14.857142857142856,41.31944444444444,38.88257575757576,52.222520693513296,52.91986611343107
Christian Braun,DEN,Denver Nuggets,2025-11-12,8.666666666666666,9.8,13.333333333333334,13.0,69.64285714285714,58.92857142857143,74.40908452732815,62.364189349262936
Liam McNeeley,CHA,Charlotte Hornets,2025-11-12,6.666666666666667,5.0,35.55555555555555,41.33333333333333,41.07142857142858,54.642857142857146,51.26176224508819,71.39535521939334
Will Riley,WSH,Washington Wizards,2025-11-12,2.0,1.6,0.0,0.0,55.55555555555555,40.0,55.55555555555555,40.0
Hugo Gonzalez,BOS,Boston Celtics,2025-11-12,2.6666666666666665,2.6,66.66666666666667,60.0,91.66666666666667,67.5,91.66666666666667,67.5
Jonathan Kuminga,GS,Golden State Warriors,2025-11-12,6.0,9.6,0.0,8.0,25.92592592592592,31.029239766081865,29.089045638150356,34.11062098857405
Jase Richardson,ORL,Orlando Magic,2025-11-12,0.0,0.0,0.0,0.0,0.0,0.0,0.0,0.0
Tyler Kolek,NY,New York Knicks,2025-11-12,0.6666666666666666,0.8,0.0,0.0,33.333333333333336,30.0,33.333333333333336,30.0
Aaron Nesmith,IND,Indiana Pacers,2025-11-13,17.333333333333332,16.8,50.925925925925924,41.66666666666667,57.96296296296296,51.10130718954248,65.46275414183418,56.998741590112914
Khaman Maluach,PHX,Phoenix Suns,2025-11-13,0.6666666666666666,1.2,0.0,0.0,16.666666666666668,30.0,16.666666666666668,31.27659574468085
Grayson Allen,PHX,Phoenix Suns,2025-11-13,25.666666666666668,21.8,53.703703703703695,52.539682539682545,83.49673202614379,75.61085972850678,82.21359436864178,74.84097713400558
Luke Travers,CLE,Cleveland Cavaliers,2025-11-13,2.6666666666666665,2.0,0.0,0.0,17.777777777777775,10.666666666666666,28.519999064918068,20.513359983168527
Kelly Oubre Jr.,PHI,Philadelphia 76ers,2025-11-14,9.333333333333334,13.2,5.5555555555555545,16.666666666666668,35.92074592074592,44.13578088578088,40.94840858941311,47.467126187009086
Jeff Green,HOU,Houston Rockets,2025-11-14,1.0,2.25,16.666666666666668,37.5,25.0,56.25,25.0,56.25
Tari Eason,HOU,Houston Rockets,2025-11-14,9.666666666666666,11.2,30.555555555555554,43.33333333333333,45.833333333333336,56.60256410256409,46.71325051759833,57.888661165506164
Bobi Klintman,DET,Detroit Pistons,2025-11-14,3.6666666666666665,3.0,27.777777777777775,16.666666666666664,60.11904761904762,42.738095238095234,60.11904761904762,41.88538205980066
Jrue Holiday,POR,Portland Trail Blazers,2025-11-14,14.333333333333334,16.6,36.904761904761905,40.142857142857146,56.679894179894184,54.40267335004178,59.40394464421923,57.34606237319565
JD Davison,HOU,Houston Rockets,2025-11-14,1.0,2.0,33.333333333333336,50.0,25.0,50.0,25.0,40.451388888888886
Adem Bona,PHI,Philadelphia 76ers,2025-11-14,2.0,2.0,0.0,0.0,50.0,36.666666666666664,52.12765957446808,38.96890343698855
Victor Wembanyama,SA,San Antonio Spurs,2025-11-14,31.666666666666668,27.0,49.007936507936506,33.84920634920635,61.754765702134115,56.526543631806796,67.44871765033055,61.74548990802079
Ariel Hukporti,NY,New York Knicks,2025-11-14,0.6666666666666666,1.2,0.0,0.0,33.333333333333336,40.0,33.333333333333336,40.0
OG Anunoby,NY,New York Knicks,2025-11-14,8.666666666666666,14.0,19.99999999999999,37.33333333333333,48.03921568627451,56.898395721925134,50.569980807080604,59.2143735241872
RayJ Dennis,IND,Indiana Pacers,2025-11-15,5.0,3.0,66.66666666666667,40.0,73.61111111111111,44.16666666666667,75.90206185567011,45.54123711340206
Amir Coffey,MIL,Milwaukee Bucks,2025-11-15,1.6666666666666667,1.4,33.333333333333336,20.0,61.11111111111111,46.666666666666664,61.11111111111111,46.666666666666664
Ja Morant,MEM,Memphis Grizzlies,2025-11-15,11.333333333333334,14.4,20.634920634920633,15.238095238095235,52.64550264550265,45.42940685045948,56.33201251902259,51.08681900264954
Larry Nance Jr.,CLE,Cleveland Cavaliers,2025-11-15,1.0,3.0,16.666666666666668,26.666666666666664,16.666666666666668,38.333333333333336,16.666666666666668,38.333333333333336
Nick Smith Jr.,LAL,Los Angeles Lakers,2025-11-15,2.6666666666666665,8.0,25.0,36.66666666666667,64.58333333333333,63.75,64.58333333333333,64.97950819672131
Mason Plumlee,CHA,Charlotte Hornets,2025-11-15,1.3333333333333333,1.0,0.0,0.0,33.333333333333336,25.0,24.15458937198068,18.11594202898551
Mark Sears,MIL,Milwaukee Bucks,2025-11-15,3.6666666666666665,4.75,22.222222222222218,29.166666666666664,66.66666666666667,62.5,63.402061855670105,65.28204284565328
Garrett Temple,TOR,Toronto Raptors,2025-11-15,0.0,0.0,0.0,0.0,0.0,0.0,0.0,0.0
Thanasis Antetokounmpo,MIL,Milwaukee Bucks,2025-11-15,0.6666666666666666,0.6666666666666666,0.0,0.0,33.333333333333336,33.333333333333336,33.333333333333336,33.333333333333336
Jarred Vanderbilt,LAL,Los Angeles Lakers,2025-11-15,3.0,4.2,33.333333333333336,30.0,33.333333333333336,30.0,32.99180327868853,31.4229889439573
Julian Strawther,DEN,Denver Nuggets,2025-11-15,1.3333333333333333,4.0,0.0,0.0,13.333333333333334,18.0,13.333333333333329,29.239004586121343
Antonio Reeves,CHA,Charlotte Hornets,2025-11-15,4.5,4.5,30.0,30.0,37.5,37.5,37.5,37.5
Andre Jackson Jr.,MIL,Milwaukee Bucks,2025-11-15,0.0,0.0,0.0,0.0,0.0,0.0,0.0,0.0
AJ Johnson,WSH,Washington Wizards,2025-11-16,1.6666666666666667,1.4,0.0,0.0,8.333333333333334,11.666666666666666,32.60059612518629,26.22702434177844
Stephon Castle,SA,San Antonio Spurs,2025-11-16,13.333333333333334,14.6,16.666666666666668,16.666666666666664,53.47222222222221,49.22008547008547,56.51115138979261,53.455345006857975
Tyson Etienne,BKN,Brooklyn Nets,2025-11-16,2.0,1.5,27.777777777777775,20.833333333333332,41.666666666666664,31.25,41.666666666666664,31.25
Kyle Filipowski,UTAH,Utah Jazz,2025-11-16,10.666666666666666,9.6,27.777777777777775,26.666666666666664,61.13095238095238,52.78968253968253,63.74503206300441,56.785750110111806
Bismack Biyombo,SA,San Antonio Spurs,2025-11-16,0.0,0.0,0.0,0.0,0.0,0.0,0.0,0.0
Jett Howard,ORL,Orlando Magic,2025-11-16,5.333333333333333,4.4,38.888888888888886,40.0,59.72222222222223,56.833333333333336,59.72222222222223,56.833333333333336
Zaccharie Risacher,ATL,Atlanta Hawks,2025-11-16,13.666666666666666,14.2,40.27777777777778,39.404761904761905,76.67124542124542,67.23651348651347,73.49319937226986,65.48542648283541
Jordan Miller,LAC,LA Clippers,2025-11-16,9.333333333333334,9.333333333333334,23.80952380952381,23.80952380952381,50.55555555555555,50.55555555555555,57.30168051386895,57.30168051386895
Alex Sarr,WSH,Washington Wizards,2025-11-16,16.333333333333332,17.2,39.99999999999999,23.999999999999996,52.569444444444436,50.8063725490196,52.349806201550386,51.715737721371895
Justin Champagnie,WSH,Washington Wizards,2025-11-16,1.3333333333333333,2.0,0.0,0.0,11.111111111111109,9.999999999999998,17.182130584192443,18.041237113402065
Domantas Sabonis,SAC,Sacramento Kings,2025-11-16,21.0,20.4,16.666666666666668,16.666666666666664,51.620370370370374,51.021241830065364,57.15644925020812,57.07866976723481
Derrick Jones Jr.,LAC,LA Clippers,2025-11-16,9.333333333333334,9.2,16.666666666666668,10.0,46.666666666666664,41.21428571428571,51.82445759368837,49.04171607304859
E.J. Liddell,BKN,Brooklyn Nets,2025-11-16,2.0,1.5,16.666666666666668,12.5,41.666666666666664,31.25,39.81481481481482,29.86111111111111
Caris LeVert,DET,Detroit Pistons,2025-11-17,13.0,12.6,25.0,36.0,67.99242424242425,72.46212121212122,65.92367176885344,72.78963820875872
Taelon Peter,IND,Indiana Pacers,2025-11-17,2.6666666666666665,2.2,16.666666666666664,16.666666666666664,28.571428571428573,24.642857142857146,28.571428571428573,24.642857142857146
Bryce McGowens,NO,New Orleans Pelicans,2025-11-17,4.666666666666667,3.6,0.0,0.0,44.444444444444436,26.666666666666664,51.03092783505156,76.07310215557638
Tre Mann,CHA,Charlotte Hornets,2025-11-17,7.666666666666667,8.4,22.222222222222218,29.904761904761905,49.12698412698413,52.47619047619048,49.12698412698413,52.47619047619048
Caleb Martin,DAL,Dallas Mavericks,2025-11-17,2.6666666666666665,2.0,0.0,0.0,16.666666666666668,20.0,38.22229973258923,32.93337983955354
Bobby Portis,MIL,Milwaukee Bucks,2025-11-17,10.333333333333334,11.6,61.11111111111111,48.666666666666664,57.14285714285714,62.20238095238095,61.065357962803034,64.5558814443485
Bogdan Bogdanovic,LAC,LA Clippers,2025-11-17,13.666666666666666,12.8,33.05555555555555,38.49999999999999,52.96296296296296,55.527777777777786,56.38537391700866,59.87630631741831
AJ Green,MIL,Milwaukee Bucks,2025-11-17,13.333333333333334,11.2,50.0,46.666666666666664,70.0,62.83333333333333,75.60263653483993,66.63276836158192
Wendell Moore Jr.,DET,Detroit Pistons,2025-11-17,2.0,2.0,0.0,0.0,55.55555555555555,55.55555555555555,55.55555555555555,55.55555555555555
Cam Christie,LAC,LA Clippers,2025-11-17,2.3333333333333335,6.4,8.333333333333334,24.999999999999996,23.80952380952381,45.42857142857143,61.68831168831169,67.48350855493712
Brook Lopez,LAC,LA Clippers,2025-11-17,3.6666666666666665,6.0,27.777777777777775,36.666666666666664,41.66666666666667,51.28571428571429,47.31753812636166,55.9898466289869
Ousmane Dieng,OKC,Oklahoma City Thunder,2025-11-17,4.0,3.4,0.0,6.666666666666666,31.944444444444443,25.166666666666668,31.944444444444446,27.67006802721088
James Harden,LAC,LA Clippers,2025-11-17,35.333333333333336,32.8,37.37373737373738,34.32900432900432,49.42424242424243,51.36469038208169,59.87339509807202,61.43025318377687
Jericho Sims,MIL,Milwaukee Bucks,2025-11-17,1.3333333333333333,1.2,0.0,0.0,50.0,40.0,50.0,40.0
Isaac Jones,DET,Detroit Pistons,2025-11-17,1.5,1.5,0.0,0.0,25.0,25.0,53.40909090909091,53.40909090909091
Paul George,PHI,Philadelphia 76ers,2025-11-17,9.0,9.0,25.0,25.0,27.77777777777778,27.77777777777778,37.25165562913907,37.25165562913907
Keshad Johnson,MIA,Miami Heat,2025-11-17,0.0,0.5,0.0,0.0,0.0,12.5,0.0,12.5
Aaron Gordon,DEN,Denver Nuggets,2025-11-17,21.666666666666668,20.0,39.99999999999999,46.0,61.111111111111114,60.07575757575758,64.9171578244778,64.10555367988754
Karlo Matkovic,NO,New Orleans Pelicans,2025-11-17,6.0,6.8,22.222222222222218,33.33333333333333,88.88888888888887,83.83333333333334,88.8888888888889,84.5408163265306
Myles Turner,MIL,Milwaukee Bucks,2025-11-17,12.0,14.2,68.33333333333333,51.357142857142854,68.05555555555556,58.80952380952381,69.06753407682776,63.687303037706826
Dwight Powell,DAL,Dallas Mavericks,2025-11-17,0.0,0.4,0.0,0.0,0.0,10.0,0.0,10.0
Nicolas Batum,LAC,LA Clippers,2025-11-17,8.0,6.4,37.61904761904762,35.904761904761905,60.31746031746032,60.19047619047619,65.22301577932554,63.13380946759533
Gary Harris,MIL,Milwaukee Bucks,2025-11-17,6.0,3.6,38.888888888888886,23.333333333333332,64.44444444444444,38.66666666666667,64.44444444444444,38.66666666666667
Nikola Jovic,MIA,Miami Heat,2025-11-17,3.3333333333333335,9.4,8.333333333333334,17.571428571428573,25.793650793650794,36.851190476190474,27.32664698095917,38.605486742095266
Miles Kelly,DAL,Dallas Mavericks,2025-11-17,2.0,2.0,0.0,0.0,50.0,50.0,50.0,50.0
Giannis Antetokounmpo,MIL,Milwaukee Bucks,2025-11-17,23.666666666666668,27.6,33.333333333333336,30.0,63.333333333333336,61.97777777777778,65.4484255714208,64.02985097034211
Gary Trent Jr.,MIL,Milwaukee Bucks,2025-11-17,11.0,7.6,57.77777777777777,41.33333333333333,61.388888888888886,48.33333333333333,62.56535947712418,49.03921568627451
Monte Morris,IND,Indiana Pacers,2025-11-17,1.6666666666666667,3.0,0.0,13.333333333333332,44.444444444444436,46.666666666666664,53.3096926713948,51.98581560283687
Sam Merrill,CLE,Cleveland Cavaliers,2025-11-17,15.0,12.4,44.444444444444436,34.166666666666664,72.22222222222221,53.83333333333333,72.74567537725433,55.74299346164671
Jaden McDaniels,MIN,Minnesota Timberwolves,2025-11-17,14.333333333333334,16.0,36.11111111111111,45.0,69.44444444444444,69.66666666666666,70.1064489458454,71.78829047416573
Joan Beringer,MIN,Minnesota Timberwolves,2025-11-17,2.6666666666666665,3.2,0.0,0.0,50.0,70.0,53.82513661202186,69.7369424323294
Ivica Zubac,LAC,LA Clippers,2025-11-17,19.0,17.6,0.0,0.0,62.393162393162406,62.29304029304029,65.51383544114266,63.219865890535935
Cooper Flagg,DAL,Dallas Mavericks,2025-11-17,17.333333333333332,18.8,33.33333333333332,32.57142857142857,63.63782051282052,60.84935897435897,63.027063211735815,60.76483916218653
Jalen Pickett,DEN,Denver Nuggets,2025-11-17,2.6666666666666665,3.2,66.66666666666667,45.0,75.0,56.66666666666667,75.0,57.422360248447205
Johnny Juzang,MIN,Minnesota Timberwolves,2025-11-17,1.6666666666666667,1.6,16.666666666666668,30.0,36.11111111111111,51.666666666666664,36.11111111111111,51.666666666666664
Collin Murray-Boyles,TOR,Toronto Raptors,2025-11-17,7.666666666666667,7.6,33.333333333333336,50.0,75.0,67.5,81.30055380701943,70.16922117310055
Leonard Miller,MIN,Minnesota Timberwolves,2025-11-17,1.0,2.2,0.0,0.0,16.666666666666668,40.0,25.531914893617017,43.39143809279672
Chris Paul,LAC,LA Clippers,2025-11-17,1.6666666666666667,2.2,33.333333333333336,35.0,36.11111111111111,35.166666666666664,36.11111111111111,35.166666666666664
Cole Anthony,MIL,Milwaukee Bucks,2025-11-17,4.666666666666667,4.4,11.111111111111109,6.666666666666666,29.76190476190476,26.904761904761905,29.483925549915398,26.737974377568285
Joe Ingles,MIN,Minnesota Timberwolves,2025-11-17,0.0,0.0,0.0,0.0,0.0,0.0,0.0,0.0
Ryan Rollins,MIL,Milwaukee Bucks,2025-11-17,18.0,18.4,38.888888888888886,46.666666666666664,57.32323232323233,59.624708624708624,58.664740713422255,60.61453652353134
Kris Dunn,LAC,LA Clippers,2025-11-17,7.333333333333333,7.2,33.333333333333336,25.0,43.75,42.25,53.49508520063375,49.39020634456996
John Collins,LAC,LA Clippers,2025-11-17,12.0,9.4,8.333333333333334,8.333333333333332,46.7948717948718,37.77389277389277,54.78374301903713,43.77933672051319
Kyle Kuzma,MIL,Milwaukee Bucks,2025-11-17,13.333333333333334,14.8,27.777777777777775,23.333333333333332,36.029411764705884,39.55882352941177,39.89050776132242,43.60753319847045
Kobe Sanders,LAC,LA Clippers,2025-11-17,10.333333333333334,10.0,36.507936507936506,38.095238095238095,50.17316017316017,53.701298701298704,55.34978510904142,57.58376740320964
Elijah Harkless,UTAH,Utah Jazz,2025-11-18,1.6666666666666667,2.2,0.0,20.0,0.0,35.0,56.81818181818182,70.84766584766585
Egor Demin,BKN,Brooklyn Nets,2025-11-18,8.333333333333334,10.2,36.82539682539682,42.095238095238095,45.925925925925924,56.949494949494955,49.58656330749354,59.88661811917626
Ausar Thompson,DET,Detroit Pistons,2025-11-18,11.333333333333334,12.2,33.333333333333336,20.0,58.333333333333336,58.095238095238095,57.27915194346289,55.99867271835309
Kyle Anderson,UTAH,Utah Jazz,2025-11-18,6.0,6.5,0.0,0.0,44.285714285714285,45.714285714285715,48.169312106413116,49.788186265602185
Gabe Vincent,LAL,Los Angeles Lakers,2025-11-18,6.0,6.0,66.66666666666666,66.66666666666666,100.0,100.0,100.0,100.0
Jaren Jackson Jr.,MEM,Memphis Grizzlies,2025-11-18,20.666666666666668,19.6,28.968253968253965,35.95238095238095,41.811594202898554,45.890527950310556,48.242892493074045,50.34223239995554
Wendell Carter Jr.,ORL,Orlando Magic,2025-11-18,13.0,14.2,27.777777777777775,33.33333333333333,61.03896103896104,67.04004329004329,76.76167888644638,77.05856012689887
Mouhamed Gueye,ATL,Atlanta Hawks,2025-11-18,6.333333333333333,4.6,6.666666666666667,4.0,33.14814814814815,44.88888888888889,33.14814814814815,44.88888888888889
Austin Reaves,LAL,Los Angeles Lakers,2025-11-18,27.333333333333332,23.8,37.96296296296296,26.77777777777778,66.1096256684492,55.74420677361853,73.14894005465551,63.75815644256933
Kelly Olynyk,SA,San Antonio Spurs,2025-11-18,5.0,4.2,41.666666666666664,25.0,36.111111111111114,61.666666666666664,38.144329896907216,62.886597938144334
Franz Wagner,ORL,Orlando Magic,2025-11-18,24.0,23.8,23.61111111111111,29.880952380952387,45.47152194211018,48.28291316526611,53.55069855506491,57.15546040476456
Tyus Jones,ORL,Orlando Magic,2025-11-18,2.6666666666666665,1.6,33.333333333333336,20.0,44.444444444444436,26.666666666666664,44.444444444444436,26.666666666666664
Keldon Johnson,SA,San Antonio Spurs,2025-11-18,12.0,10.4,6.666666666666667,4.0,49.62481962481962,47.55266955266955,50.16598254940224,47.87736730741913
Vince Williams Jr.,MEM,Memphis Grizzlies,2025-11-18,11.333333333333334,10.2,33.333333333333336,42.0,44.1951566951567,52.23137973137973,45.38093848942534,54.055486170578284
Kentavious Caldwell-Pope,MEM,Memphis Grizzlies,2025-11-18,3.3333333333333335,4.6,0.0,5.0,27.777777777777775,41.25,31.602914389799633,43.54508196721311
Jalen Wilson,BKN,Brooklyn Nets,2025-11-18,4.0,4.2,53.333333333333336,47.0,71.42857142857143,60.857142857142854,71.42857142857143,60.857142857142854
Luke Kornet,SA,San Antonio Spurs,2025-11-18,5.666666666666667,9.0,0.0,0.0,50.0,70.0,55.199430199430196,71.63817663817665
Adou Thiero,LAL,Los Angeles Lakers,2025-11-18,3.0,3.0,0.0,0.0,100.0,100.0,103.19148936170212,103.19148936170212
Keyonte George,UTAH,Utah Jazz,2025-11-18,28.666666666666668,24.6,35.320512820512825,26.646853146853147,51.57357968189395,47.61081447580304,56.7452689373474,54.39599857171076
Isaiah Collier,UTAH,Utah Jazz,2025-11-18,11.666666666666666,10.8,0.0,10.0,53.17460317460317,63.57142857142857,62.381122586819366,70.00479438642391
Marcus Smart,LAL,Los Angeles Lakers,2025-11-18,9.0,9.0,20.0,20.571428571428573,41.111111111111114,46.88888888888889,50.744618964514245,54.86592737681192
Jamal Cain,ORL,Orlando Magic,2025-11-18,0.0,0.0,0.0,0.0,0.0,0.0,0.0,0.0
Luke Kennard,ATL,Atlanta Hawks,2025-11-18,5.0,7.0,35.714285714285715,38.095238095238095,50.0,54.027777777777786,50.0,54.027777777777786
Tristan da Silva,ORL,Orlando Magic,2025-11-18,16.666666666666668,12.0,43.91534391534392,33.01587301587301,64.23076923076924,55.871794871794876,63.786561977975644,55.21071269698947
Luka Garza,BOS,Boston Celtics,2025-11-18,10.666666666666666,11.4,55.55555555555555,33.33333333333333,95.83333333333333,83.57142857142858,93.00379572118702,82.46969265840275
Tyrese Martin,BKN,Brooklyn Nets,2025-11-18,10.666666666666666,7.4,27.777777777777775,20.666666666666664,55.357142857142854,38.21428571428571,55.698938515060554,38.41936310903633
Mark Williams,PHX,Phoenix Suns,2025-11-18,11.0,10.8,0.0,0.0,80.37037037037038,63.777777777777786,79.74808816914081,75.45143648811062
Luka Doncic,LAL,Los Angeles Lakers,2025-11-18,34.0,31.8,34.31818181818182,30.114718614718612,53.9822567783094,51.67506835269993,64.23162004618487,59.35398918657097
Isaiah Livers,PHX,Phoenix Suns,2025-11-18,4.666666666666667,3.8,44.444444444444436,36.666666666666664,77.77777777777777,81.66666666666666,83.82500717772037,85.29500430663221
Isaiah Stewart,DET,Detroit Pistons,2025-11-18,12.333333333333334,10.2,24.444444444444443,21.333333333333332,57.79220779220779,65.78643578643577,65.09758725053362,70.16966346143128
Kevin Love,UTAH,Utah Jazz,2025-11-18,4.333333333333333,4.6,22.222222222222218,21.333333333333332,33.333333333333336,33.33333333333333,35.43543543543543,35.79614498219149
Harrison Barnes,SA,San Antonio Spurs,2025-11-18,16.666666666666668,13.6,41.666666666666664,45.0,68.61471861471861,65.89105339105339,72.51120155886609,68.88683789438399
Jalen Duren,DET,Detroit Pistons,2025-11-18,24.666666666666668,25.0,0.0,0.0,72.99145299145299,74.05461205461205,74.05282931396928,76.46975798688717
Anfernee Simons,BOS,Boston Celtics,2025-11-18,5.666666666666667,11.8,33.33333333333333,40.0,43.333333333333336,50.82051282051282,39.56989247311827,50.82280295125686
Lauri Markkanen,UTAH,Utah Jazz,2025-11-18,39.333333333333336,34.8,39.54248366013072,49.43977591036415,63.6103896103896,65.14868990658465,67.84416584069656,69.12069537144399
Goga Bitadze,ORL,Orlando Magic,2025-11-18,5.333333333333333,6.6,0.0,0.0,75.0,71.66666666666666,76.06382978723404,80.65156047180992
Carter Bryant,SA,San Antonio Spurs,2025-11-18,2.3333333333333335,3.4,11.111111111111109,13.333333333333332,27.777777777777775,27.916666666666664,27.777777777777775,28.515007898894158
Jalen Suggs,ORL,Orlando Magic,2025-11-18,13.666666666666666,15.0,16.19047619047619,33.04761904761905,45.303030303030305,62.18181818181817,54.514910000142066,68.25948751633072
Asa Newell,ATL,Atlanta Hawks,2025-11-18,2.6666666666666665,6.0,16.666666666666668,38.0,16.666666666666668,53.33333333333333,19.723865877712033,52.09565906278375
Jalen Johnson,ATL,Atlanta Hawks,2025-11-18,27.0,24.2,61.388888888888886,50.166666666666664,64.2862498125656,67.32174988753937,68.50068922821832,70.98724978801908
Lindy Waters III,SA,San Antonio Spurs,2025-11-18,1.0,1.8,11.111111111111109,26.666666666666664,16.666666666666668,40.0,16.666666666666668,40.0
Baylor Scheierman,BOS,Boston Celtics,2025-11-18,4.0,2.4,55.55555555555555,33.33333333333333,75.0,45.0,75.0,45.0
Anthony Black,ORL,Orlando Magic,2025-11-18,13.666666666666666,13.2,6.666666666666667,22.666666666666668,46.7032967032967,49.726523476523475,48.61802100608071,52.82207936966929
Jamaree Bouyea,PHX,Phoenix Suns,2025-11-18,3.0,3.0,100.0,100.0,75.0,75.0,75.0,75.0
Maxi Kleber,LAL,Los Angeles Lakers,2025-11-18,2.0,1.75,66.66666666666667,50.0,75.0,56.25,75.0,62.898936170212764
Vit Krejci,ATL,Atlanta Hawks,2025-11-18,12.0,15.0,44.166666666666664,54.5,70.37037037037038,80.55555555555557,70.37037037037038,80.10862818125388
Michael Porter Jr.,BKN,Brooklyn Nets,2025-11-18,27.666666666666668,25.8,38.25757575757576,35.17676767676768,60.64814814814815,56.46825396825396,65.2562383577742,63.21860835527357
LeBron James,LAL,Los Angeles Lakers,2025-11-18,11.0,11.0,66.66666666666666,66.66666666666666,71.42857142857143,71.42857142857143,62.78538812785388,62.78538812785388
Draymond Green,GS,Golden State Warriors,2025-11-18,8.666666666666666,7.0,26.666666666666668,22.666666666666664,43.58974358974359,35.65384615384615,43.58974358974359,38.75588697017268
Dyson Daniels,ATL,Atlanta Hawks,2025-11-18,8.333333333333334,7.2,0.0,0.0,66.66666666666667,51.111111111111114,67.35679779158039,52.14147408655417
Rayan Rupert,POR,Portland Trail Blazers,2025-11-18,1.3333333333333333,1.2,0.0,0.0,16.666666666666668,16.666666666666664,36.30050505050505,28.4469696969697
Zach Edey,MEM,Memphis Grizzlies,2025-11-18,10.5,10.5,0.0,0.0,41.42857142857143,41.42857142857143,49.653284671532845,49.653284671532845
Rasheer Fleming,PHX,Phoenix Suns,2025-11-18,3.6666666666666665,2.6,16.666666666666668,10.0,38.88888888888889,33.333333333333336,50.46296296296296,40.27777777777778
Daniss Jenkins,DET,Detroit Pistons,2025-11-18,19.666666666666668,20.2,35.833333333333336,34.83333333333333,58.80952380952382,57.700574966828846,60.42655443844964,59.152435665542406
Danny Wolf,BKN,Brooklyn Nets,2025-11-18,0.6666666666666666,0.6666666666666666,0.0,0.0,0.0,0.0,37.87878787878788,37.87878787878788
Svi Mykhailiuk,UTAH,Utah Jazz,2025-11-18,7.666666666666667,10.8,42.22222222222222,42.78787878787879,58.730158730158735,62.69963369963371,58.730158730158735,62.85672182223907
David Jones Garcia,SA,San Antonio Spurs,2025-11-18,2.0,2.0,0.0,0.0,66.66666666666666,66.66666666666666,62.886597938144334,62.886597938144334
Dalton Knecht,LAL,Los Angeles Lakers,2025-11-18,4.666666666666667,6.6,19.444444444444443,47.666666666666664,35.416666666666664,51.60714285714285,35.416666666666664,49.05456852791879
Caleb Houstan,ATL,Atlanta Hawks,2025-11-18,4.666666666666667,2.8,33.333333333333336,20.0,47.77777777777778,28.666666666666668,50.864197530864196,30.518518518518515
Day'Ron Sharpe,BKN,Brooklyn Nets,2025-11-18,8.666666666666666,8.6,0.0,10.0,56.666666666666664,70.66666666666667,60.715595975979454,72.14364329987339
Cade Cunningham,DET,Detroit Pistons,2025-11-18,32.333333333333336,32.4,19.155844155844154,24.826839826839826,42.16183574879227,51.20979986197377,49.40119233343407,56.847655639275374
De'Aaron Fox,SA,San Antonio Spurs,2025-11-18,26.0,22.4,45.833333333333336,34.83333333333333,59.01515151515151,55.4090909090909,60.44597001113228,58.329014242911015
Jeremy Sochan,SA,San Antonio Spurs,2025-11-18,8.0,5.6,77.77777777777777,66.66666666666666,83.33333333333333,80.0,83.70098039215686,85.53973717146432
Julian Champagnie,SA,San Antonio Spurs,2025-11-18,11.666666666666666,8.2,42.43386243386243,38.79365079365079,64.81481481481481,58.88888888888888,68.09510028685453,60.85706017211273
Paul Reed,DET,Detroit Pistons,2025-11-18,7.0,11.4,0.0,20.0,74.07407407407408,78.90598290598291,76.36165577342048,78.39262534282005
Deandre Ayton,LAL,Los Angeles Lakers,2025-11-18,20.0,16.0,0.0,0.0,79.02097902097903,73.41258741258741,78.33376997642127,72.02967375055864
Josh Minott,BOS,Boston Celtics,2025-11-18,6.333333333333333,4.4,41.666666666666664,45.0,56.25,63.75,52.90300546448086,61.74180327868852
Terance Mann,BKN,Brooklyn Nets,2025-11-18,8.333333333333334,6.8,35.55555555555555,41.333333333333336,40.833333333333336,33.25,47.322404371584696,38.52857775808595
Jimmy Butler III,GS,Golden State Warriors,2025-11-18,24.0,22.4,33.333333333333336,34.28571428571429,64.58333333333333,67.91666666666667,73.72521684149474,78.84374178406067
Ronald Holland II,DET,Detroit Pistons,2025-11-18,6.0,6.4,16.666666666666668,16.666666666666664,45.0,40.18181818181819,45.82613701784686,45.07599663312781
Shaedon Sharpe,POR,Portland Trail Blazers,2025-11-18,28.0,30.0,17.777777777777775,28.38095238095238,46.354166666666664,58.36805555555556,50.35767311299202,61.52390178050869
Cedric Coward,MEM,Memphis Grizzlies,2025-11-18,13.666666666666666,13.0,40.476190476190474,34.285714285714285,47.5,43.666666666666664,53.54108206567222,50.92034858683631
Ziaire Williams,BKN,Brooklyn Nets,2025-11-18,13.333333333333334,11.0,31.746031746031743,29.047619047619047,55.41125541125541,49.496753246753244,61.42951251646903,53.749599401773324
Chaz Lanier,DET,Detroit Pistons,2025-11-18,6.0,6.4,36.507936507936506,34.904761904761905,54.76190476190476,51.78571428571429,54.761904761904766,55.56390977443609
Santi Aldama,MEM,Memphis Grizzlies,2025-11-18,12.0,13.4,26.19047619047619,27.38095238095238,50.707070707070706,58.42424242424242,52.66809179535136,59.25157053580805
Jordan Goodwin,PHX,Phoenix Suns,2025-11-18,11.333333333333334,10.2,52.22222222222222,43.33333333333333,64.55026455026456,57.21500721500721,65.19370460048425,57.60107124513904
John Konchar,MEM,Memphis Grizzlies,2025-11-18,0.6666666666666666,1.0,0.0,20.0,8.333333333333334,35.0,8.333333333333334,35.0
Sam Hauser,BOS,Boston Celtics,2025-11-18,4.333333333333333,3.2,18.095238095238095,15.857142857142856,29.46428571428571,23.678571428571427,29.46428571428571,23.678571428571427
Robert Williams III,POR,Portland Trail Blazers,2025-11-18,4.666666666666667,5.4,0.0,20.0,66.66666666666667,69.5,66.66666666666667,69.5
Ace Bailey,UTAH,Utah Jazz,2025-11-18,13.0,13.8,35.714285714285715,31.428571428571427,60.363247863247864,58.952991452991455,59.16356300434512,60.028817194502906
Ryan Dunn,PHX,Phoenix Suns,2025-11-18,8.0,6.8,83.33333333333333,50.0,62.26851851851851,52.916666666666664,63.992914979757074,52.439277052000875
Collin Gillespie,PHX,Phoenix Suns,2025-11-18,14.666666666666666,10.8,42.59259259259259,40.55555555555556,57.392607392607395,52.43556443556444,63.79172479673903,57.0777559664788
Al Horford,GS,Golden State Warriors,2025-11-18,5.0,7.2,21.666666666666668,36.33333333333333,33.88888888888889,53.19047619047619,39.329896907216494,56.45508100147275
Cam Spencer,MEM,Memphis Grizzlies,2025-11-18,7.666666666666667,8.6,30.952380952380953,31.571428571428573,43.333333333333336,46.833333333333336,49.4182372402513,54.28205584393091
Jordan Walsh,BOS,Boston Celtics,2025-11-18,5.666666666666667,6.2,11.111111111111109,33.33333333333333,63.333333333333336,68.0,67.00680272108843,70.35636589661246
Rui Hachimura,LAL,Los Angeles Lakers,2025-11-18,11.0,12.4,26.666666666666668,49.33333333333333,54.01515151515152,58.79797979797979,54.0712682379349,58.83164983164984
Jock Landale,MEM,Memphis Grizzlies,2025-11-18,6.666666666666667,7.6,16.666666666666668,18.0,34.074074074074076,46.158730158730165,34.17766603813116,46.220885337164404
Stephen Curry,GS,Golden State Warriors,2025-11-18,30.666666666666668,29.8,38.75816993464053,33.504901960784316,56.32157697375089,53.11602310732745,61.515268832342,58.94777922811164
Royce O'Neale,PHX,Phoenix Suns,2025-11-18,5.666666666666667,8.8,32.22222222222222,44.33333333333333,41.388888888888886,56.1031746031746,41.388888888888886,56.886350817822894
Cody Williams,UTAH,Utah Jazz,2025-11-18,2.0,2.6,0.0,0.0,24.444444444444443,26.333333333333332,23.023255813953487,26.08139534883721
Jaylen Wells,MEM,Memphis Grizzlies,2025-11-18,7.333333333333333,10.4,23.333333333333332,35.42857142857143,39.583333333333336,52.11363636363636,40.79778830963665,52.84230934941836
Payton Pritchard,BOS,Boston Celtics,2025-11-18,25.333333333333332,17.2,51.068376068376075,37.97435897435897,70.20833333333333,53.93055555555556,73.63372167577621,55.98578856102129
Onyeka Okongwu,ATL,Atlanta Hawks,2025-11-18,26.666666666666668,22.2,49.206349206349195,42.857142857142854,76.75213675213676,74.05128205128206,79.80045831892079,77.0334286482525
Nick Richards,PHX,Phoenix Suns,2025-11-18,5.0,4.6,0.0,0.0,35.714285714285715,33.42857142857143,61.66125541125541,62.35235003092146
Devin Vassell,SA,San Antonio Spurs,2025-11-18,12.333333333333334,11.2,25.0,22.272727272727273,41.40692640692641,45.613386613386616,47.800144665191446,49.84080108482915
Dillon Brooks,PHX,Phoenix Suns,2025-11-18,26.0,22.8,34.12698412698413,31.309523809523807,62.333333333333336,55.03736263736264,64.76754565020838,60.95470223481757
Jaxson Hayes,LAL,Los Angeles Lakers,2025-11-18,6.666666666666667,4.8,0.0,0.0,69.44444444444444,71.66666666666666,70.9104938271605,72.54629629629629
Nickeil Alexander-Walker,ATL,Atlanta Hawks,2025-11-18,22.0,20.0,25.925925925925924,30.555555555555554,48.91414141414142,51.49134199134198,56.58992717456612,58.007947998325264
Nolan Traore,BKN,Brooklyn Nets,2025-11-18,0.0,0.0,0.0,0.0,0.0,0.0,0.0,0.0
Drake Powell,BKN,Brooklyn Nets,2025-11-18,5.0,7.2,0.0,30.0,43.333333333333336,52.25,45.857843137254896,54.40659777424484
Noah Clowney,BKN,Brooklyn Nets,2025-11-18,12.333333333333334,11.8,56.74603174603175,39.76190476190476,68.75,54.58333333333333,66.76964190940424,57.66814615349053
Jusuf Nurkic,UTAH,Utah Jazz,2025-11-18,8.333333333333334,8.4,16.666666666666668,16.666666666666664,59.20634920634921,50.069264069264065,60.48912558464053,53.72715118963258
Jaylen Brown,BOS,Boston Celtics,2025-11-18,27.0,26.4,32.38095238095238,31.095238095238095,51.817517278043596,49.2849548112706,54.65904671198857,53.91830228658155
Nigel Hayes-Davis,PHX,Phoenix Suns,2025-11-18,0.6666666666666666,0.4,0.0,0.0,11.111111111111109,6.666666666666666,11.111111111111109,6.666666666666666
Jake LaRavia,LAL,Los Angeles Lakers,2025-11-18,8.666666666666666,7.4,13.333333333333334,13.0,51.666666666666664,41.0,54.684577011016415,46.83494482383172
Jonathan Isaac,ORL,Orlando Magic,2025-11-18,2.3333333333333335,3.4,16.666666666666668,16.666666666666664,50.0,40.0,50.0,48.20728291316527
Brice Sensabaugh,UTAH,Utah Jazz,2025-11-18,9.333333333333334,10.8,41.269841269841265,40.317460317460316,59.25925925925926,65.10101010101012,60.3238866396761,66.26773683981921
Devin Booker,PHX,Phoenix Suns,2025-11-18,26.333333333333332,24.8,26.666666666666668,16.0,51.613965744400524,50.64449280696421,59.82325912493565,59.67991125229321
Bronny James,LAL,Los Angeles Lakers,2025-11-18,1.0,2.8,33.333333333333336,30.0,50.0,51.666666666666664,50.0,51.66666666666667
Neemias Queta,BOS,Boston Celtics,2025-11-18,11.0,9.8,0.0,0.0,67.91666666666667,60.75,67.83691748147476,61.011428839400324
Oso Ighodaro,PHX,Phoenix Suns,2025-11-18,10.333333333333334,7.0,0.0,0.0,54.4973544973545,52.698412698412696,54.90844815083395,51.14179020197578
Javonte Green,DET,Detroit Pistons,2025-11-18,16.666666666666668,14.0,30.555555555555554,22.333333333333332,64.11616161616162,55.22294372294372,72.6925538955614,61.80336302516753
Duncan Robinson,DET,Detroit Pistons,2025-11-18,14.0,15.6,40.57239057239057,45.010101010101,56.666666666666664,63.51048951048951,58.36836836836837,64.53151053151052
Nic Claxton,BKN,Brooklyn Nets,2025-11-18,12.333333333333334,14.0,0.0,0.0,44.17989417989418,52.93650793650794,50.91612939468863,61.58492975640265
Derrick White,BOS,Boston Celtics,2025-11-18,19.0,19.2,43.333333333333336,39.93939393939394,57.040998217468804,52.66904337492573,61.4643234046219,55.85927487834407
Xavier Tillman,BOS,Boston Celtics,2025-11-18,0.0,1.0,0.0,6.666666666666666,0.0,12.5,0.0,12.5
Desmond Bane,ORL,Orlando Magic,2025-11-18,22.666666666666668,22.4,34.92063492063492,34.285714285714285,49.074074074074076,50.77777777777778,56.00360933248239,57.21963492745134
Keaton Wallace,ATL,Atlanta Hawks,2025-11-18,4.0,4.2,33.333333333333336,30.0,45.833333333333336,54.16666666666667,44.740437158469945,53.51092896174864
Jonas Valanciunas,DEN,Denver Nuggets,2025-11-19,7.333333333333333,8.0,0.0,0.0,48.888888888888886,51.83333333333333,69.27991203165013,64.85533234848046
Zach LaVine,SAC,Sacramento Kings,2025-11-19,13.666666666666666,15.8,25.0,35.0,49.60784313725491,55.05882352941177,52.95586917562724,56.38440933877057
Jay Huff,IND,Indiana Pacers,2025-11-19,11.0,7.8,39.25925925925926,27.555555555555554,58.725071225071225,51.23504273504274,58.92561555969377,52.75249211935591
Jared McCain,PHI,Philadelphia 76ers,2025-11-19,1.6666666666666667,1.0,8.333333333333334,5.0,11.904761904761905,7.142857142857143,11.904761904761905,7.142857142857143
Javonte Cooke,POR,Portland Trail Blazers,2025-11-19,4.0,4.0,0.0,0.0,33.33333333333333,33.33333333333333,33.33333333333333,33.33333333333333
Kris Murray,POR,Portland Trail Blazers,2025-11-19,6.0,5.8,44.444444444444436,36.666666666666664,74.62121212121212,68.10606060606061,75.12626262626263,68.4090909090909
Jordan Hawkins,NO,New Orleans Pelicans,2025-11-19,7.333333333333333,6.2,13.333333333333334,28.0,44.84126984126984,53.904761904761905,44.84126984126984,53.904761904761905
Kel'el Ware,MIA,Miami Heat,2025-11-19,12.666666666666666,13.4,50.0,50.0,60.69444444444445,64.98809523809524,63.48143070787637,67.12439141964968
Alperen Sengun,HOU,Houston Rockets,2025-11-19,27.666666666666668,24.4,22.222222222222218,46.666666666666664,59.64092833163042,60.55378776820902,64.16059632902153,63.4296034533989
Kon Knueppel,CHA,Charlotte Hornets,2025-11-19,20.0,21.6,40.55555555555556,40.72222222222223,58.75,59.25,59.86106602609882,61.17116243115771
VJ Edgecombe,PHI,Philadelphia 76ers,2025-11-19,17.666666666666668,14.0,33.333333333333336,36.666666666666664,49.89316239316239,43.16822066822067,51.46821230888333,45.785644661181294
Jarrett Allen,CLE,Cleveland Cavaliers,2025-11-19,12.0,14.4,0.0,0.0,54.695767195767196,54.817460317460316,60.79401319127347,59.47467481251105
Jordan Clarkson,NY,New York Knicks,2025-11-19,15.333333333333334,12.8,16.666666666666668,27.0,50.512820512820504,58.879120879120876,58.88876113091359,63.90468524997673
Jalen Brunson,NY,New York Knicks,2025-11-19,30.333333333333332,26.6,40.079365079365076,40.11904761904761,57.170099160945846,55.51634521085322,61.88094478765438,60.19973010654248
Zeke Nnaji,DEN,Denver Nuggets,2025-11-19,0.6666666666666666,2.2,0.0,20.0,0.0,38.33333333333333,8.591065292096221,38.979775787279586
Will Richard,GS,Golden State Warriors,2025-11-19,5.0,5.6,40.0,42.0,58.333333333333336,64.28571428571429,51.38888888888889,60.11904761904761
Kevin Huerter,CHI,Chicago Bulls,2025-11-19,9.333333333333334,14.2,14.814814814814815,17.77777777777778,38.888888888888886,49.38375350140056,42.696734001081815,51.6798389383476
Andrew Nembhard,IND,Indiana Pacers,2025-11-19,17.666666666666668,19.8,46.11111111111111,41.666666666666664,54.44444444444445,54.0,61.929643803355894,62.65893148179797
Jose Alvarado,NO,New Orleans Pelicans,2025-11-19,8.666666666666666,7.8,12.5,21.5,37.49999999999999,39.642857142857146,39.189189189189186,40.656370656370655
Jaylin Williams,OKC,Oklahoma City Thunder,2025-11-19,2.6666666666666665,4.0,13.333333333333334,16.0,16.666666666666668,24.285714285714285,28.240740740740744,31.36752136752137
Jamal Shead,TOR,Toronto Raptors,2025-11-19,3.0,4.6,8.333333333333334,25.0,36.111111111111114,45.595238095238095,36.11111111111111,45.39032006245121
Andre Drummond,PHI,Philadelphia 76ers,2025-11-19,12.0,13.4,50.0,40.0,74.76851851851852,71.32575757575758,75.75895567698846,72.61826627540566
Julius Randle,MIN,Minnesota Timberwolves,2025-11-19,23.333333333333332,24.6,21.666666666666668,28.0,48.17788957688339,50.78173374613003,54.14432930581927,57.94358891421932
Jerami Grant,POR,Portland Trail Blazers,2025-11-19,24.0,18.2,44.444444444444436,32.38095238095238,56.89814814814815,49.040849673202615,63.554964335460966,53.8614789566426
Julian Phillips,CHI,Chicago Bulls,2025-11-19,4.666666666666667,2.8,22.222222222222218,13.333333333333332,41.666666666666664,25.0,59.39716312056737,35.638297872340424
Kevin Durant,HOU,Houston Rockets,2025-11-19,28.333333333333332,27.8,30.555555555555554,46.33333333333333,55.16569200779727,59.09941520467836,61.63687912726679,65.11512533207011
Jamison Battle,TOR,Toronto Raptors,2025-11-19,2.3333333333333335,1.4,33.333333333333336,20.0,69.44444444444444,41.666666666666664,69.44444444444444,41.666666666666664
Kevon Looney,NO,New Orleans Pelicans,2025-11-19,0.6666666666666666,1.8,0.0,10.0,33.333333333333336,35.0,33.333333333333336,35.50420168067227
Jamal Murray,DEN,Denver Nuggets,2025-11-19,24.333333333333332,22.2,30.230880230880228,31.027417027417027,50.64935064935065,49.26461038961039,55.43424261858606,55.07858454035339
Yves Missi,NO,New Orleans Pelicans,2025-11-19,7.0,4.2,0.0,0.0,46.666666666666664,28.0,48.9400643246797,29.364038594807823
Andrew Wiggins,MIA,Miami Heat,2025-11-19,12.666666666666666,15.6,22.222222222222218,29.333333333333332,35.370370370370374,47.376068376068375,36.69334216938442,48.969726271286525
Jeremiah Fears,NO,New Orleans Pelicans,2025-11-19,19.0,18.2,13.333333333333334,38.0,53.055555555555564,51.265151515151516,56.74863661316627,56.30217358719623
Jeremiah Robinson-Earl,IND,Indiana Pacers,2025-11-19,4.666666666666667,5.2,41.666666666666664,25.0,52.77777777777778,51.66666666666667,52.77777777777777,56.256830601092894
Josh Okogie,HOU,Houston Rockets,2025-11-19,4.0,3.8,11.111111111111109,11.666666666666666,20.37037037037037,20.97222222222222,39.30976430976431,32.33585858585859
Justin Edwards,PHI,Philadelphia 76ers,2025-11-19,7.0,9.2,16.666666666666668,36.66666666666667,37.3015873015873,60.71428571428572,44.677900465749126,65.11182502521218
Keon Ellis,SAC,Sacramento Kings,2025-11-19,4.333333333333333,7.2,14.285714285714285,39.480519480519476,38.19444444444444,67.20238095238095,38.19444444444444,67.20238095238093
Anthony Edwards,MIN,Minnesota Timberwolves,2025-11-19,19.0,24.4,8.928571428571429,19.325396825396826,35.52277432712216,43.21366459627329,43.39740628067042,50.98475509647551
Josh Hart,NY,New York Knicks,2025-11-19,14.0,12.0,58.333333333333336,45.666666666666664,62.76515151515151,53.80194805194806,64.1376534233677,57.67652073070792
Jaylen Clark,MIN,Minnesota Timberwolves,2025-11-19,5.0,4.4,52.77777777777777,31.666666666666664,83.33333333333333,64.0,81.47208121827411,66.27969843510648
Khris Middleton,WSH,Washington Wizards,2025-11-19,11.333333333333334,8.8,52.77777777777777,31.666666666666664,62.53968253968254,56.857142857142854,66.47342995169082,59.21739130434783
KJ Simpson,CHA,Charlotte Hornets,2025-11-19,3.6666666666666665,3.8,11.111111111111109,16.666666666666664,19.871794871794872,25.256410256410255,19.871794871794872,25.256410256410255
Jarace Walker,IND,Indiana Pacers,2025-11-19,8.333333333333334,7.6,41.666666666666664,25.0,53.24074074074074,34.44444444444444,58.41013824884792,46.081642658142115
Jalen Smith,CHI,Chicago Bulls,2025-11-19,9.666666666666666,9.8,34.523809523809526,37.71428571428571,53.282828282828284,51.68123543123543,53.865578865578875,52.03088578088578
Jevon Carter,CHI,Chicago Bulls,2025-11-19,9.666666666666666,7.0,61.11111111111111,50.0,69.23076923076923,61.53846153846153,69.29907524169819,61.579445145018916
Yang Hansen,POR,Portland Trail Blazers,2025-11-19,4.333333333333333,4.333333333333333,0.0,0.0,60.714285714285715,60.714285714285715,61.82795698924732,61.82795698924732
Amen Thompson,HOU,Houston Rockets,2025-11-19,14.333333333333334,15.0,0.0,10.0,36.30683042447748,46.46941294000117,43.60610211110648,51.0917127310282
Josh Giddey,CHI,Chicago Bulls,2025-11-19,18.666666666666668,17.4,31.746031746031743,27.047619047619047,52.910052910052904,47.301587301587304,56.43694722137889,51.44019517104415
Karl-Anthony Towns,NY,New York Knicks,2025-11-19,26.333333333333332,23.0,24.603174603174597,27.26190476190476,47.212381916329285,46.994095816464245,53.33193443897787,52.382504492102086
Klay Thompson,DAL,Dallas Mavericks,2025-11-19,13.0,14.2,31.818181818181813,34.59090909090909,52.45159932659933,52.96828579916816,52.45159932659933,53.729091372439996
Shai Gilgeous-Alexander,OKC,Oklahoma City Thunder,2025-11-19,29.666666666666668,29.4,56.111111111111114,49.38095238095238,66.87378167641326,63.39912280701755,73.91655858364304,70.44452987594265
Trendon Watford,PHI,Philadelphia 76ers,2025-11-19,7.333333333333333,7.2,16.666666666666668,16.666666666666664,58.888888888888886,49.833333333333336,61.9047619047619,52.02574002574003
Jaime Jaquez Jr.,MIA,Miami Heat,2025-11-19,16.0,16.2,33.333333333333336,20.0,43.61111111111111,43.16666666666667,48.620627887898195,50.087830543129044
Peyton Watson,DEN,Denver Nuggets,2025-11-19,16.333333333333332,10.2,51.85185185185185,31.111111111111107,63.177830940988834,42.9066985645933,63.94215677421297,42.46365472026549
CJ McCollum,WSH,Washington Wizards,2025-11-19,13.666666666666666,21.6,38.73015873015873,39.904761904761905,45.47979797979798,51.01419457735247,50.17974778844344,55.73559591900621
De'Andre Hunter,CLE,Cleveland Cavaliers,2025-11-19,15.0,16.4,40.27777777777778,32.166666666666664,61.17424242424243,59.15646853146853,64.11271808999082,61.762093313460696
Pelle Larsson,MIA,Miami Heat,2025-11-19,12.333333333333334,11.2,41.666666666666664,38.33333333333333,52.04124579124579,52.653318903318905,58.233723682827,57.76662213715016
DeMar DeRozan,SAC,Sacramento Kings,2025-11-19,16.666666666666668,14.4,33.333333333333336,26.666666666666664,48.88888888888889,43.333333333333336,55.613954250373745,50.51733863305477
Buddy Hield,GS,Golden State Warriors,2025-11-19,10.333333333333334,7.0,25.555555555555557,15.333333333333334,49.02777777777777,34.41666666666667,49.02777777777778,37.61338797814208
Dean Wade,CLE,Cleveland Cavaliers,2025-11-19,4.333333333333333,4.6,25.0,25.0,54.44444444444445,48.095238095238095,54.306377383300465,48.01239785855171
Bub Carrington,WSH,Washington Wizards,2025-11-19,5.0,7.0,61.11111111111111,56.66666666666667,50.0,54.28571428571429,49.01433691756272,55.94019555713104
Patrick Williams,CHI,Chicago Bulls,2025-11-19,6.666666666666667,6.4,47.22222222222222,35.0,50.47619047619048,46.11904761904763,52.67279806415225,47.81989505470757
Deni Avdija,POR,Portland Trail Blazers,2025-11-19,26.666666666666668,26.8,34.92063492063492,38.95238095238095,52.959001782531196,57.99762329174094,57.37188063800654,62.43285413414012
Ajay Mitchell,OKC,Oklahoma City Thunder,2025-11-19,12.666666666666666,13.8,8.333333333333334,18.999999999999996,37.3015873015873,43.150183150183146,44.50465108223914,48.63707249216191
Pat Spencer,GS,Golden State Warriors,2025-11-19,8.666666666666666,7.6,58.333333333333336,40.0,80.76923076923077,55.46153846153847,84.59436738125264,64.41466096455352
Pat Connaughton,CHA,Charlotte Hornets,2025-11-19,7.0,6.4,31.11111111111111,28.666666666666664,60.11904761904762,52.73809523809524,65.61550151975683,55.357673004877356
Precious Achiuwa,SAC,Sacramento Kings,2025-11-19,6.666666666666667,7.2,33.333333333333336,20.0,34.72222222222222,46.166666666666664,38.97065670321484,48.26899196007324
Dennis Schroder,SAC,Sacramento Kings,2025-11-19,19.0,13.2,39.35185185185185,36.94444444444444,58.18070818070819,44.90842490842491,58.31362680895788,45.12331122050986
Bruce Brown,DEN,Denver Nuggets,2025-11-19,6.333333333333333,7.0,16.666666666666668,23.333333333333332,30.952380952380953,38.57142857142857,36.149162861491625,42.45526348266074
Dereck Lively II,DAL,Dallas Mavericks,2025-11-19,3.3333333333333335,3.3333333333333335,0.0,0.0,38.888888888888886,38.888888888888886,51.03092783505156,51.03092783505156
Derik Queen,NO,New Orleans Pelicans,2025-11-19,16.0,16.6,16.666666666666668,10.0,49.81481481481482,51.222222222222214,58.579664230093876,56.87741429740355
P.J. Washington,DAL,Dallas Mavericks,2025-11-19,13.333333333333334,12.4,41.58730158730159,27.809523809523807,39.23611111111111,43.72348484848485,43.79659523744457,48.667567532077136
Brooks Barnhizer,OKC,Oklahoma City Thunder,2025-11-19,0.6666666666666666,1.6,0.0,0.0,33.333333333333336,50.0,33.333333333333336,50.638297872340424
Thomas Bryant,CLE,Cleveland Cavaliers,2025-11-19,1.3333333333333333,2.4,0.0,0.0,16.666666666666668,33.33333333333333,16.666666666666668,30.636915985753195
Norman Powell,MIA,Miami Heat,2025-11-19,27.333333333333332,28.4,36.82539682539683,40.98412698412698,67.8138528138528,65.10351636667426,69.60005593937215,69.1769382549547
Dominick Barlow,PHI,Philadelphia 76ers,2025-11-19,7.333333333333333,7.333333333333333,38.888888888888886,38.888888888888886,62.5,62.5,61.40710382513661,61.40710382513661
Donovan Clingan,POR,Portland Trail Blazers,2025-11-19,14.0,12.0,22.222222222222218,13.333333333333332,52.94289044289044,49.543512043512045,58.326957014027926,54.06397081858624
Nique Clifford,SAC,Sacramento Kings,2025-11-19,0.3333333333333333,3.0,0.0,14.0,0.0,13.863636363636363,4.295532646048111,20.398978802730703
Donovan Mitchell,CLE,Cleveland Cavaliers,2025-11-19,29.333333333333332,29.4,38.034188034188034,31.014957264957264,61.91749427043544,54.25367116543587,64.19498046794057,59.8217745053566
Tim Hardaway Jr.,DEN,Denver Nuggets,2025-11-19,11.333333333333334,10.4,34.44444444444445,39.333333333333336,56.71296296296297,54.38492063492064,57.323865218602066,56.31739605423816
Nikola Vucevic,CHI,Chicago Bulls,2025-11-19,18.666666666666668,14.6,39.351851851851855,35.61111111111111,52.568071763118205,45.39798591501378,53.51556485431441,45.50181203086822
Pascal Siakam,IND,Indiana Pacers,2025-11-19,27.0,25.4,37.5,32.5,60.16511867905057,57.17049977885891,65.3060413578098,64.17931706935977
Quentin Grimes,PHI,Philadelphia 76ers,2025-11-19,16.333333333333332,16.0,40.0,42.0,56.666666666666664,61.5,61.189127290260366,66.56303429890485
Davion Mitchell,MIA,Miami Heat,2025-11-19,11.333333333333334,12.2,63.333333333333336,53.0,61.11111111111111,58.97435897435897,62.814618742453796,61.13006679203098
T.J. McConnell,IND,Indiana Pacers,2025-11-19,7.666666666666667,8.0,33.333333333333336,30.0,51.01010101010101,46.85606060606061,52.000777000777,47.4504662004662
Cason Wallace,OKC,Oklahoma City Thunder,2025-11-19,9.666666666666666,7.6,55.0,39.666666666666664,57.69841269841269,47.285714285714285,57.69841269841269,49.33997785160576
Sidy Cissoko,POR,Portland Trail Blazers,2025-11-19,4.666666666666667,4.0,19.444444444444443,11.666666666666666,25.793650793650794,38.80952380952381,34.752636654810566,44.18491532621967
Scottie Barnes,TOR,Toronto Raptors,2025-11-19,15.333333333333334,17.8,0.0,5.0,46.63865546218488,52.68016297428062,53.642478889365954,58.72723211801465
Cameron Johnson,DEN,Denver Nuggets,2025-11-19,11.666666666666666,10.4,34.92063492063492,20.952380952380953,61.805555555555564,52.840909090909086,61.97330871243914,54.5524371889387
Chet Holmgren,OKC,Oklahoma City Thunder,2025-11-19,24.0,21.2,40.0,54.0,69.04761904761905,76.5079365079365,69.97738752861551,78.23264508553981
Sandro Mamukelashvili,TOR,Toronto Raptors,2025-11-19,8.666666666666666,9.8,27.777777777777775,36.666666666666664,50.370370370370374,64.22222222222221,54.167964289421775,68.8931836369442
Simone Fontecchio,MIA,Miami Heat,2025-11-19,11.0,11.8,41.666666666666664,45.57142857142857,52.64069264069264,59.52092352092352,56.30189482648499,62.87549804963121
Cam Whitmore,WSH,Washington Wizards,2025-11-19,10.0,13.8,50.0,44.0,58.10185185185185,59.75621600621601,61.33775773868653,64.26552013332393
Chris Youngblood,OKC,Oklahoma City Thunder,2025-11-19,2.0,1.2,66.66666666666667,40.0,100.0,60.0,100.0,60.0
Clint Capela,HOU,Houston Rockets,2025-11-19,2.6666666666666665,2.4,0.0,0.0,66.66666666666667,50.0,66.66666666666666,50.0
Saddiq Bey,NO,New Orleans Pelicans,2025-11-19,8.0,12.8,25.833333333333332,29.666666666666664,28.205128205128204,38.79807692307693,37.06174472670913,45.42041736419211
Coby White,CHI,Chicago Bulls,2025-11-19,26.0,26.0,46.52777777777778,46.52777777777778,57.037815126050425,57.037815126050425,67.59786338116032,67.59786338116032
Sion James,CHA,Charlotte Hornets,2025-11-19,1.3333333333333333,4.0,6.666666666666667,9.714285714285714,7.142857142857142,18.285714285714285,10.558157689305231,23.73832241579943
Ryan Kalkbrenner,CHA,Charlotte Hornets,2025-11-19,10.0,11.2,0.0,0.0,71.1111111111111,77.66666666666666,75.95827243227343,82.6344367872335
Spencer Jones,DEN,Denver Nuggets,2025-11-19,0.6666666666666666,2.2,0.0,30.0,0.0,42.5,37.87878787878788,65.02235469448584
Russell Westbrook,SAC,Sacramento Kings,2025-11-19,11.333333333333334,11.6,38.333333333333336,29.857142857142854,51.51515151515151,44.92424242424242,48.89211020671244,47.03659417018311
Collin Sexton,CHA,Charlotte Hornets,2025-11-19,13.666666666666666,14.2,27.777777777777775,34.0,43.58974358974359,48.2967032967033,48.82264350622258,54.89070587893552
Rudy Gobert,MIN,Minnesota Timberwolves,2025-11-19,9.333333333333334,10.6,0.0,0.0,73.88888888888889,75.16666666666666,71.22866690535862,70.87949971707314
Corey Kispert,WSH,Washington Wizards,2025-11-19,4.0,4.8,11.111111111111109,36.666666666666664,30.952380952380953,55.23809523809523,33.58714043993232,57.12822928114152
Craig Porter Jr.,CLE,Cleveland Cavaliers,2025-11-19,7.666666666666667,10.4,33.333333333333336,50.0,63.888888888888886,69.16666666666667,65.80145719489981,70.41180524787083
D'Angelo Russell,DAL,Dallas Mavericks,2025-11-19,14.333333333333334,15.2,27.38095238095238,19.76190476190476,50.2020202020202,46.430735930735935,51.9345719858184,48.31790648599339
Rob Dillingham,MIN,Minnesota Timberwolves,2025-11-19,4.333333333333333,2.6,33.333333333333336,20.0,41.666666666666664,25.0,41.666666666666664,25.0
Dalen Terry,CHI,Chicago Bulls,2025-11-19,4.0,3.6,11.111111111111109,6.666666666666666,37.5,62.5,45.830980613589304,68.77518411283444
Reed Sheppard,HOU,Houston Rockets,2025-11-19,13.666666666666666,15.6,41.11111111111111,50.5,57.44949494949495,69.56060606060606,58.684062850729525,69.56708106708108
Steven Adams,HOU,Houston Rockets,2025-11-19,4.666666666666667,6.2,0.0,0.0,31.944444444444443,41.45238095238095,37.2420170838013,46.077038006764084
Daniel Gafford,DAL,Dallas Mavericks,2025-11-19,12.333333333333334,11.8,0.0,0.0,66.26984126984127,61.904761904761905,72.54211656825821,67.00174891458286
Caleb Love,POR,Portland Trail Blazers,2025-11-19,8.0,5.8,12.5,17.5,28.57142857142857,29.64285714285714,31.849852344038386,31.60991140642303
RJ Barrett,TOR,Toronto Raptors,2025-11-19,20.0,16.4,35.952380952380956,21.571428571428573,55.65767973856209,45.77556022408963,57.91569222137301,49.177160436302685
Quinten Post,GS,Golden State Warriors,2025-11-19,8.333333333333334,5.6,22.61904761904762,23.571428571428573,45.192307692307686,37.11538461538461,46.353509878100034,37.81210592686002
Donte DiVincenzo,MIN,Minnesota Timberwolves,2025-11-19,12.333333333333334,14.2,42.063492063492056,37.738095238095234,61.55303030303031,60.56818181818183,64.33920259056872,64.8835633516244
Jakob Poeltl,TOR,Toronto Raptors,2025-11-19,18.0,17.2,0.0,0.0,84.86772486772486,81.5873015873016,78.60966310815252,78.45250020079129
Nikola Jokic,DEN,Denver Nuggets,2025-11-19,30.333333333333332,36.2,38.095238095238095,49.523809523809526,58.14814814814815,70.08339689804221,65.02330416333282,74.54731338490114
Tony Bradley,IND,Indiana Pacers,2025-11-19,3.6666666666666665,5.8,0.0,0.0,61.11111111111111,64.28571428571428,64.50091904419405,66.31959904556405
Tristan Vukcevic,WSH,Washington Wizards,2025-11-19,4.0,4.2,19.444444444444443,31.666666666666664,60.416666666666664,79.58333333333334,63.13813813813814,73.69436234849395
Matas Buzelis,CHI,Chicago Bulls,2025-11-19,14.0,15.6,43.333333333333336,47.333333333333336,59.798534798534796,60.641025641025635,62.60162429726731,64.46445798741999
Herbert Jones,NO,New Orleans Pelicans,2025-11-19,6.666666666666667,8.8,19.444444444444443,22.166666666666668,30.35714285714286,35.75396825396825,38.96663160622552,42.326082202601704
Marvin Bagley III,WSH,Washington Wizards,2025-11-19,8.666666666666666,9.0,0.0,20.0,62.62626262626262,64.00432900432901,67.45381745381745,68.16264580223971
Immanuel Quickley,TOR,Toronto Raptors,2025-11-19,15.0,18.8,38.425925925925924,44.841269841269835,62.72727272727273,70.39654463183874,62.72727272727273,70.28995165907918
Isaac Okoro,CHI,Chicago Bulls,2025-11-19,6.666666666666667,7.4,27.777777777777775,36.666666666666664,50.09920634920635,47.20238095238095,48.687279019032566,49.737015626870104
Alex Caruso,OKC,Oklahoma City Thunder,2025-11-19,4.0,5.0,22.222222222222218,29.999999999999993,28.571428571428573,35.47619047619047,28.571428571428573,37.743632336655594
Malik Monk,SAC,Sacramento Kings,2025-11-19,10.666666666666666,9.2,29.523809523809522,25.71428571428571,35.83877995642701,34.360410830999065,38.99778854004011,36.25581598116692
Bilal Coulibaly,WSH,Washington Wizards,2025-11-19,6.666666666666667,9.0,22.222222222222218,25.333333333333332,44.444444444444436,44.484848484848484,51.01324318065614,50.69466298878165
Isaiah Hartenstein,OKC,Oklahoma City Thunder,2025-11-19,10.666666666666666,10.2,0.0,0.0,60.0,68.66666666666667,66.70527417877241,72.0115366002867
Bennedict Mathurin,IND,Indiana Pacers,2025-11-19,24.5,24.5,36.666666666666664,36.666666666666664,57.331730769230774,57.331730769230774,63.581329609699615,63.581329609699615
Isaiah Jackson,IND,Indiana Pacers,2025-11-19,8.0,8.8,0.0,0.0,61.904761904761905,65.47619047619048,68.13870776526379,70.61000061544243
Ben Sheppard,IND,Indiana Pacers,2025-11-19,7.333333333333333,6.4,17.77777777777777,23.999999999999996,37.85714285714286,39.28571428571429,40.78231292517007,41.04081632653062
Max Christie,DAL,Dallas Mavericks,2025-11-19,10.0,10.4,33.333333333333336,38.57142857142857,47.857142857142854,50.93650793650794,58.4794146697832,57.3548552796027
Isaiah Joe,OKC,Oklahoma City Thunder,2025-11-19,8.0,12.6,31.11111111111111,33.33333333333333,41.21212121212121,47.45454545454545,48.47050385511924,56.781165949435184
Lonzo Ball,CLE,Cleveland Cavaliers,2025-11-19,7.333333333333333,9.2,33.888888888888886,40.33333333333333,52.916666666666664,59.607142857142854,54.39939939939939,61.59120309764087
Tyrese Maxey,PHI,Philadelphia 76ers,2025-11-19,31.333333333333332,29.6,36.7003367003367,38.686868686868685,58.572281959378735,52.02119722992588,62.06732119993337,58.48899709694611
Bam Adebayo,MIA,Miami Heat,2025-11-19,15.666666666666666,19.0,41.666666666666664,35.15384615384615,48.831908831908834,51.48769748769748,50.571196784482915,54.44446161034993
Ja'Kobe Walter,TOR,Toronto Raptors,2025-11-19,4.666666666666667,4.8,25.0,23.0,53.333333333333336,55.333333333333336,54.02777777777778,55.75
Tyrese Proctor,CLE,Cleveland Cavaliers,2025-11-19,3.0,5.4,6.666666666666667,17.0,14.583333333333334,27.416666666666664,32.31382978723405,38.94497293531272
Ayo Dosunmu,CHI,Chicago Bulls,2025-11-19,17.666666666666668,17.0,50.0,48.666666666666664,83.38624338624338,70.86507936507937,84.80507587650445,74.2843227544916
Jabari Smith Jr.,HOU,Houston Rockets,2025-11-19,15.333333333333334,15.4,48.14814814814815,35.55555555555556,59.49074074074074,53.59188034188035,59.55112721417069,55.439817333993616
Jabari Walker,PHI,Philadelphia 76ers,2025-11-19,3.6666666666666665,4.6,33.333333333333336,40.0,25.0,35.0,42.730496453900706,45.638297872340424
Landry Shamet,NY,New York Knicks,2025-11-19,18.333333333333332,15.2,43.65079365079365,42.857142857142854,56.113769271664005,64.6682615629984,60.43719964290309,68.29644491120186
Jaden Hardy,DAL,Dallas Mavericks,2025-11-19,12.0,9.2,54.444444444444436,52.666666666666664,68.51851851851852,61.77777777777777,74.04373261332024,64.69834841152957
LaMelo Ball,CHA,Charlotte Hornets,2025-11-19,18.0,17.8,21.933621933621932,20.38239538239538,34.260651629072676,37.92481203007519,43.29084965642941,43.97620417064468
Kyshawn George,WSH,Washington Wizards,2025-11-19,22.666666666666668,18.4,44.444444444444436,37.33333333333333,59.252450980392155,55.44035947712418,60.98348799687591,58.61631219276599
Jae'Sean Tate,HOU,Houston Rockets,2025-11-19,0.6666666666666666,0.8,0.0,0.0,33.333333333333336,30.0,33.333333333333336,30.0
Luguentz Dort,OKC,Oklahoma City Thunder,2025-11-19,11.333333333333334,9.4,55.55555555555555,44.0,61.75925925925926,59.55555555555556,63.28811369509044,60.26795018426738
Gui Santos,GS,Golden State Warriors,2025-11-19,3.6666666666666665,3.0,16.666666666666664,16.666666666666664,46.031746031746025,37.61904761904761,47.34912577552171,43.72862440148324
Maxime Raynaud,SAC,Sacramento Kings,2025-11-19,6.333333333333333,6.6,33.333333333333336,20.0,73.33333333333333,56.666666666666664,70.38446054750403,62.18865952177972
Guerschon Yabusele,NY,New York Knicks,2025-11-19,2.3333333333333335,3.0,33.333333333333336,33.33333333333333,59.52380952380952,62.38095238095239,59.52380952380952,62.38095238095239
Drew Peterson,CHA,Charlotte Hornets,2025-11-19,2.5,2.5,0.0,0.0,16.666666666666664,16.666666666666664,23.10996563573883,23.10996563573883
Brandon Williams,DAL,Dallas Mavericks,2025-11-19,13.0,12.6,16.666666666666664,9.999999999999998,36.74242424242424,37.25912975912976,48.610469638315585,47.54336637105606
Dru Smith,MIA,Miami Heat,2025-11-19,6.333333333333333,6.2,25.0,25.0,70.0,57.0,69.77670344475953,60.64421755557752
Toumani Camara,POR,Portland Trail Blazers,2025-11-19,10.333333333333334,12.0,20.502645502645503,30.873015873015873,39.65811965811966,50.044871794871796,39.65811965811965,50.85687168295864
Duop Reath,POR,Portland Trail Blazers,2025-11-19,2.6666666666666665,2.2,50.0,40.0,66.66666666666667,55.0,66.66666666666667,55.0
Naz Reid,MIN,Minnesota Timberwolves,2025-11-19,23.0,17.6,52.38095238095238,40.95238095238095,73.7012987012987,61.22077922077922,73.81404091585868,61.288424549515206
Trayce Jackson-Davis,GS,Golden State Warriors,2025-11-19,5.333333333333333,5.8,0.0,0.0,72.22222222222221,73.33333333333333,72.62426900584796,70.63151113546434
Naji Marshall,DAL,Dallas Mavericks,2025-11-19,13.0,15.8,20.0,37.333333333333336,53.53535353535353,58.78787878787879,55.89139945971342,62.9425121067563
Brandon Ingram,TOR,Toronto Raptors,2025-11-19,22.666666666666668,20.8,50.0,33.33333333333333,60.0,52.66666666666667,66.5615972582049,58.988791602559694
Nae'Qwan Tomlin,CLE,Cleveland Cavaliers,2025-11-19,4.666666666666667,8.2,0.0,0.0,38.333333333333336,44.71428571428571,39.172335600907026,49.38361859266528
Tre Johnson,WSH,Washington Wizards,2025-11-19,9.333333333333334,9.4,35.714285714285715,34.76190476190476,58.88888888888889,55.113553113553124,58.045977011494266,55.191523345027235
Evan Mobley,CLE,Cleveland Cavaliers,2025-11-19,18.0,16.4,33.333333333333336,41.666666666666664,52.32371794871795,51.20375457875457,54.66238002613944,52.40333984337995
Moussa Diabate,CHA,Charlotte Hornets,2025-11-19,9.666666666666666,10.2,0.0,0.0,73.01587301587301,62.97619047619048,72.90595797097421,70.25266666121728
Brandin Podziemski,GS,Golden State Warriors,2025-11-19,14.666666666666666,12.0,40.476190476190474,42.285714285714285,48.54443801812223,48.94809138230191,51.36035462122418,50.64890260542434
Moussa Cisse,DAL,Dallas Mavericks,2025-11-19,3.3333333333333335,4.6,0.0,0.0,33.33333333333333,60.0,28.46780333931582,54.388374311281794
Moses Moody,GS,Golden State Warriors,2025-11-19,15.666666666666666,14.0,36.11111111111111,31.666666666666668,52.77777777777778,49.74358974358974,55.48487575787879,51.9796862616437
Branden Carlson,OKC,Oklahoma City Thunder,2025-11-19,5.333333333333333,3.2,22.222222222222218,13.333333333333332,51.11111111111111,30.666666666666664,51.70282708744247,31.021696252465482
Gary Payton II,GS,Golden State Warriors,2025-11-19,3.6666666666666665,4.2,16.666666666666668,20.0,38.888888888888886,41.904761904761905,42.063492063492056,43.80952380952381
Mohamed Diawara,NY,New York Knicks,2025-11-19,0.0,1.4,0.0,20.0,0.0,45.0,0.0,45.0
Mitchell Robinson,NY,New York Knicks,2025-11-19,2.6666666666666665,3.6,0.0,0.0,55.55555555555555,63.33333333333333,35.21392696650429,51.128356179902575
Miles McBride,NY,New York Knicks,2025-11-19,15.0,12.6,29.444444444444446,35.66666666666667,48.39371980676328,54.03623188405796,47.4214755534633,53.58802046721312
Miles Bridges,CHA,Charlotte Hornets,2025-11-19,20.666666666666668,22.8,34.72222222222222,32.83333333333333,49.03409090909091,50.34150717703349,50.79892533936652,52.97500290604047
Bones Hyland,MIN,Minnesota Timberwolves,2025-11-19,1.3333333333333333,4.0,0.0,20.0,25.0,53.33333333333333,25.0,52.92349726775956
Mike Conley,MIN,Minnesota Timberwolves,2025-11-19,6.666666666666667,6.2,33.33333333333333,38.0,50.0,52.0,58.438023450586265,59.9494120084961
Gradey Dick,TOR,Toronto Raptors,2025-11-19,7.333333333333333,6.8,22.222222222222218,26.666666666666664,60.0,64.57142857142858,61.67800453514739,65.578231292517
Mikal Bridges,NY,New York Knicks,2025-11-19,18.0,16.4,31.666666666666668,25.666666666666664,54.94505494505495,50.810170221934925,54.77960921444751,51.26151108659317
Aaron Holiday,HOU,Houston Rockets,2025-11-19,12.666666666666666,7.6,61.666666666666664,37.0,83.73015873015873,50.23809523809524,88.23936434689534,52.94361860813721
Micah Peavy,NO,New Orleans Pelicans,2025-11-19,8.333333333333334,5.4,22.222222222222218,13.333333333333332,42.129629629629626,35.27777777777778,45.724050230488,37.4344301382928
Trey Murphy III,NO,New Orleans Pelicans,2025-11-19,20.333333333333332,23.6,51.666666666666664,45.02597402597403,70.1973951973952,66.48351648351647,76.00042649398206,71.79283400907329
Drew Eubanks,SAC,Sacramento Kings,2025-11-19,4.333333333333333,6.4,0.0,0.0,66.66666666666667,57.77777777777777,63.52657004830917,54.43896608396833
Zion Williamson,NO,New Orleans Pelicans,2025-11-19,21.0,18.5,0.0,0.0,49.698340874811464,49.7737556561086,54.371038902322084,54.866393930839926
